post_id,owner_id,PostEngagement,Content,Comments,Male,Female,Age,Electronics_Gadgets,Furniture,Outdoor_Gear,Beauty_Products,Accessories
840001,840001,389.0,"Xiaomi 14T Pro

เพิ่งได้ลองเจ้า Xiaomi 14T Pro มาไม่นาน อยากจะมาเล่าประสบการณ์ส่วนตัวให้ฟังเลยนะ! ตอนแรกที่ได้เครื่องมาคือว้าวกับจอมาก AMOLED 6.67 นิ้ว ใหญ่สะใจ แถมยังสว่างเว่อร์ 4,000 นิต! คือออกแดดจ้าๆ ก็ยังมองเห็นชัดแจ๋ว ไม่ต้องเพ่งเลย อันนี้ประทับใจสุดๆ

ส่วนเรื่องกล้อง... ปกติก็ไม่ได้เป็นคนถ่ายรูปเก่งอะไรนะคะ แต่พอใช้ตัวนี้รู้สึกว่ารูปสวยขึ้นเยอะเลย กล้องหลัง 3 ตัวนี่เก็บรายละเอียดดีมาก โดยเฉพาะกล้องเทเลโฟโตซูมได้ไกลดีงาม ส่วนกล้องหน้า 32MP ก็เซลฟี่สวยอยู่

ที่เซอร์ไพรส์คือมีฟีเจอร์ AI มาให้เล่นเยอะมาก ทั้ง Circle to Search, สรุปโน้ต, แปลภาษา คือมันช่วยให้ชีวิตง่ายขึ้นเยอะเลย ไม่ต้องมานั่งงมเอง ใครสายเทคฯ น่าจะชอบเลย เพราะมันมีอะไรให้เล่นเยอะจริงๆ

โดยรวมคือคุ้มค่ากับราคานะ ถ้าใครมองหาสมาร์ทโฟนที่จอสวย กล้องดี มี AI ช่วยทำงานได้หลากหลาย ก็แนะนำเลย แต่ถ้าไม่ได้ใช้ฟีเจอร์ AI เยอะๆ อาจจะรู้สึกว่ามันเกินความจำเป็นไปหน่อย แต่สำหรับประสบการณ์ที่ได้รับคือแฮปปี้มาก",Nice design; wow,1,0,21,1,0,0,0,0
1290002,780010,41.5,"Samsung Galaxy Watch Ultra

เป็นสายเทคฯ ที่ชอบนาฬิกาดีไซน์สวยๆ อยู่แล้ว พอเจอ Galaxy Watch Ultra นี่คือใจละลายเลย! วัสดุพรีเมี่ยมสุดๆ ใส่แล้วดูดีมีระดับจริงๆ นะ ไม่ว่าจะแต่งตัวลุคไหนก็เข้าหมดเลย

เรื่องฟีเจอร์สุขภาพก็คือครบครันมาก เช็คหัวใจ เช็คการนอนได้ง่ายๆ แค่อยู่บนข้อมือ ซึ่งช่วยให้ติดตามสุขภาพตัวเองตลอดเวลาเลย สะดวกมาก และยิ่งมี AI เข้ามาช่วยยิ่งรู้สึกว่าชีวิตง่ายขึ้นเยอะ บางทีก็รู้สึกเหมือนมีผู้ช่วยส่วนตัวมาอยู่บนข้อมือเลย

ส่วนตัวคิดว่าเหมาะกับคนที่ไม่ชอบพกมือถือเยอะๆ แต่อยากให้ทุกอย่างอยู่ใกล้ตัว เพราะมันแทบจะเป็นมือถือเครื่องที่สองได้เลยจริงๆ ใครที่กำลังมองหาสมาร์ทวอทช์ที่ครบเครื่องทั้งดีไซน์และฟังก์ชัน แนะนำตัวนี้เลย อาจจะราคาสูงหน่อย แต่คุณภาพสมราคาจริงๆ",good,0,1,21,1,0,0,0,0
1320002,1140001,129.0,"Lenovo LOQ 15APH8-82XT004FTA

ใครสายเกมเมอร์หรือทำงานกราฟิก Lenovo LOQ 15APH8-82XT004FTA ตัวนี้คือต้องมี! คือมันเร็วจี๋แบบไม่น่าเชื่อเลย การ์ดจอ NVIDIA GeForce RTX Series กับ CPU AMD Ryzen 7000 Series คือทำงานร่วมกันได้ดีมาก ลื่นไหลแบบไม่มีสะดุดเลย

ลองเอามาเล่นเกมกราฟิกหนักๆ คือภาพสวยคมชัด เฟรมเรตดีงาม ไม่มีกระตุกเลย ส่วนเรื่องพิมพ์งานก็คือฟินมาก คีย์บอร์ดของ Lenovo นี่มันดีจริงๆ นะ พิมพ์แล้วรู้สึกคล่องตัวสุดๆ

ตัวเครื่องก็ไม่ได้ใหญ่เทอะทะอย่างที่คิด พกพาสะดวกกว่ารุ่นเก่าๆ เยอะเลย วัสดุดูทนทานดีด้วยนะ คือเขาออกแบบมาให้เรียบง่ายแต่ใช้งานได้จริง

โดยรวมคือประทับใจมาก ถ้าใครกำลังหาโน้ตบุ๊กคู่ใจสำหรับเล่นเกมหรือทำงานหนักๆ แนะนำตัวนี้เลย คุ้มค่าทุกบาททุกสตางค์ที่จ่ายไปจริงๆ!",kk; earthsrichok@gmail.com,1,0,21,1,0,0,0,0
1380005,780010,25.0,"MSI Thin 15 B12UCX-1428TH Cosmos

เจอแล้วเพื่อนร่วมทางที่ใช่! MSI Thin 15 B12UCX-1428TH Cosmos ตัวนี้คือพกไปไหนก็สะดวกมากจริงๆ น้ำหนักเบาดีไซน์บาง เหมาะกับคนที่ไม่ชอบแบกของหนักๆ เลย

เรื่องเล่นเกมก็ไม่ทำให้ผิดหวังนะ ถึงจะบอกว่า Thin แต่พลังไม่ Thin ตามชื่อเลย การ์ดจอ NVIDIA GeForce RTX 2050 คือเอาอยู่ เล่นเกมที่ไม่ได้กินสเปกโหดมากคือลื่นไหลเลย แถม CPU Intel Core i5 ก็คือทำงานทั่วไปได้สบายๆ เลย

ยอมรับว่าตอนแรกก็แอบลังเลนะ แต่พอได้ใช้จริงแล้วรู้สึกว่าคุ้มค่าเกินราคามากๆ สำหรับใครที่มองหาโน้ตบุ๊กเกมมิ่งที่เน้นความคล่องตัว พกพาง่าย แต่ยังเล่นเกมได้ดี แนะนำตัวนี้เลย! เป็นเพื่อนที่สมบูรณ์แบบจริงๆ",,0,1,21,1,0,0,0,0
1380008,1200001,126.0,"Notebook Lenovo IdeaPad Slim 5 Light 14ABR 82XS003BTA (Cloud Grey)

โอ้ย! โน้ตบุ๊กเครื่องนี้คือดีงามพระรามแปด! Lenovo IdeaPad Slim 5 Light เนี่ยตอบโจทย์คนทำงานสุดๆ เลย ด้วยความที่เป็นคนใช้ทำงานเอกสาร ดูหนัง ฟังเพลง แล้วก็ไถโซเชียลเป็นหลัก ตัวนี้คือครบจบในเครื่องเดียวจริงๆ

หน้าจอ FHD IPS สีสวยคมชัด ดู Netflix คือเพลินมาก CPU AMD Ryzen 7 ก็คือแรงพอตัว เปิดหลายโปรแกรมพร้อมกันก็ยังลื่นไหลไม่สะดุดเลย แถมมี Microsoft Office Home & Student 2021 มาให้ในเครื่องด้วย ไม่ต้องไปหาลงเองอีก สะดวกสุดๆ

ที่สำคัญคือน้ำหนักเบา! พกไปไหนมาไหนสบายมาก แบกใส่กระเป๋าไปทำงานข้างนอกก็ไม่ปวดไหล่เลย อันนี้เป็นสิ่งที่ประทับใจที่สุดเลย

ถ้าใครกำลังมองหาโน้ตบุ๊กทำงานเบาๆ ที่พกพาง่าย ประสิทธิภาพดี ฟังก์ชันครบครัน แนะนำตัวนี้เลย ไม่ผิดหวังแน่นอน!",earthsrichok@gmail.com; kxtyqh; akqndp; vijomc; mpeits,1,0,32,1,0,0,0,0
1380010,1200001,102.0,"MSI Raider GE78 HX 14VHG-605TH Black

โอ้โห! MSI Raider GE78 HX 14VHG-605TH Black ตัวนี้คือสัตว์ประหลาดของจริงงงง! สายเกมเมอร์ตัวจริงต้องร้องกรี๊ดดดดด

บอกเลยว่าสเปกจัดเต็มแบบไม่เกรงใจใครเลย CPU Intel Core i9-14900HX นี่คือแรงแบบมหาศาลจริงๆ เล่นเกมหนักแค่ไหนก็คือลื่นปรื๊ดๆ กราฟิก NVIDIA GeForce RTX 4080 ก็คือภาพสวยจนแทบอยากจะกระโดดเข้าไปอยู่ในเกมเลย

ลองเอามาเล่นเกมที่กินสเปกเยอะๆ ปรับสุดหมดก็คือไม่มีกระตุกเลยแม้แต่นิดเดียว! แถมเรื่องการทำงานก็คือไม่ต้องพูดถึง เร็วแบบจรวด จะเรนเดอร์งานกราฟิก หรือตัดต่อวิดีโอก็คือสบายมาก

แต่แน่นอนว่าของดีก็ต้องมีราคาที่แรงตามไปด้วยนะ ฮ่าๆ แต่ถ้าใครงบถึงและต้องการโน้ตบุ๊กที่พร้อมลุยทุกสนามรบ ไม่ว่าจะเล่นเกมหรือทำงานหนักๆ ตัวนี้คือตอบโจทย์ทุกความต้องการจริงๆ ไม่ผิดหวังแน่นอน!",Good; earthsrichok@gmail.com,1,0,32,1,0,0,0,0
1380011,1200001,71.5,"MSI Prestige 16 AI Studio B1VFG-094TH Stellar Gray

สำหรับสายทำงานสร้างสรรค์ หรือคนทำงานที่ต้องการประสิทธิภาพแบบจัดเต็ม ขอแนะนำ MSI Prestige 16 AI Studio B1VFG-094TH ตัวนี้เลย! คือมันดีงามจริงๆ

ด้วย Intel Core Ultra ที่มาพร้อม AI เนี่ย มันทำให้การทำงานมันง่ายขึ้นเยอะ ไม่ว่าจะตัดต่อวิดีโอ เรนเดอร์ภาพ หรือแม้แต่งานกราฟิกที่ซับซ้อน ก็คือลื่นไหลแบบสุดๆ ไม่มีสะดุดเลย การ์ดจอ NVIDIA GeForce RTX 4060 ก็ช่วยให้งานกราฟิกดูดีมีชีวิตชีวาขึ้นไปอีก

ดีไซน์ก็สวยหรูดูแพง สี Stellar Gray คือดูมินิมอลแต่มีระดับมากๆ พกไปทำงานที่ไหนก็ดูดีไปหมด

ข้อดีคือประสิทธิภาพจัดเต็มเรื่อง AI และงานกราฟิก ส่วนข้อสังเกตคือด้วยสเปกขนาดนี้ก็อาจจะมาพร้อมราคาที่ต้องคิดหนักนิดนึง แต่ถ้าเทียบกับประสิทธิภาพที่ได้คือคุ้มค่าทุกบาททุกสตางค์จริงๆ",,1,0,32,1,0,0,0,0
1380018,1110001,42.0,"AULA F75 GASKET MECHANICAL KEYBOARD

กรี๊ดดดดด! ต้องรีวิวคีย์บอร์ด AULA F75 GASKET MECHANICAL KEYBOARD ตัวนี้เลยค่ะทุกคนนนน! บอกเลยว่าโดนตกไปเต็มๆ ตั้งแต่ครั้งแรกที่ได้ลองเลย

ปกติเป็นคนใช้คีย์บอร์ดหนักมาก ทั้งเล่นเกม พิมพ์งาน แล้วตัวนี้คือตอบโจทย์สุดๆ ด้วย Gasket Structure ที่ทำให้เสียงกดมันแน่นๆ หนึบๆ ฟินหูมากค่ะ ไม่ได้เสียงก้องแก้งเหมือนคีย์บอร์ดทั่วไปเลย แถม Hot-swappable ได้ด้วยนะ ใครอยากเปลี่ยนสวิตช์ก็ทำได้ง่ายๆ เลย

ที่สำคัญคือเชื่อมต่อได้ 3 โหมด! ทั้ง Type-C, Wireless 2.4G, และ Bluetooth คือสะดวกสุดๆ อยากจะใช้กับอะไรก็ทำได้หมดเลย ไม่ต้องหงุดหงิดเรื่องสายพันกันอีกต่อไป

แล้วไฟ RGB 16.8 ล้านสีนี่คือสวยตาแตกมาก! มีโหมดไฟให้เล่นเยอะแยะเลย ยิ่งมี Music rhythm ด้วยนะ คือแบบว้าววว! แบตเตอรี่ก็อึดใช้ได้นานเลยค่ะ ไม่ต้องชาร์จบ่อยๆ

ใครกำลังตามหาคีย์บอร์ดดีๆ ที่ทั้งสวย เสียงดี ฟังก์ชันครบ และใช้ได้ทั้งเล่นเกมทำงาน บอกเลยว่าตัวนี้คือห้ามพลาด! แนะนำสุดใจขาดดิ้นเลย!",ราคาดีจัดๆ; สุดตึง ฮะพี่,1,0,21,1,0,0,0,0
1380021,1260003,122.0,"Review iPhone 16 ProMax

มาแล้วจ้าาา! หลังจากรอคอยมานานในที่สุดก็ได้ลองจับ iPhone 16 Pro Max สี Desert ที่ทุกคนฮือฮากันสักที!

บอกตรงๆ ว่าตอนแรกก็ไม่ได้คาดหวังอะไรมากนะ เพราะคิดว่า iPhone ก็คือ iPhone แต่พอได้ใช้จริงเท่านั้นแหละ... ยอมรับเลยว่าสีใหม่มันสวยสะกดใจจริงๆ ค่ะ ดูหรูหรามากๆ ส่วนเรื่องประสิทธิภาพคงไม่ต้องพูดถึง เพราะมันเร็ว แรง ลื่นปรื๊ดตามสไตล์ Apple อยู่แล้ว ไม่มีสะดุดเลยสักนิด

กล้องก็คือดีงามตามท้องเรื่อง ถ่ายรูปออกมาสวยคมชัดทุกช็อต ไม่ว่าจะแสงน้อยแสงมากก็เอาอยู่หมดเลย ถ่ายวิดีโอก็คือสมูทมาก

โดยรวมคือแฮปปี้มาก! สำหรับใครที่เป็นสาวก Apple หรือกำลังมองหาสมาร์ทโฟนตัวท็อปที่เน้นดีไซน์สวยหรู ประสิทธิภาพสูง กล้องเทพๆ ตัวนี้คือคำตอบเลยค่ะ แต่อาจจะต้องเตรียมงบเยอะหน่อยนะ เพราะราคาก็เอาเรื่องอยู่เหมือนกัน ????",nice; gooood; อยากได้; โครตลั่นอะ,0,1,24,1,0,0,0,0
1380031,1260005,118.0,"Football Shirt (Liverpool shirt)

ในฐานะแฟนหงส์แดงตัวยง ต้องขอรีวิว Premium Custom Football Shirt (Liverpool shirt) ตัวนี้เลย! บอกเลยว่าเสื้อทีมรักเนี่ยมันไม่ใช่แค่เสื้อ แต่มันคือจิตวิญญาณ!

เนื้อผ้าดีมาก ใส่สบายสุดๆ ไม่ร้อนเลย ระบายอากาศได้ดีเยี่ยม จะใส่เชียร์บอลอยู่บ้าน หรือใส่ไปเตะบอลกับเพื่อนก็คือเอาอยู่หมดเลย ดีไซน์ก็คือสวยงามตามแบบฉบับลิเวอร์พูลเลย ยิ่งเป็น Custom ด้วยแล้ว มันให้ความรู้สึกเป็นของตัวเองมากๆ เลยค่ะ

ข้อดีคือใส่แล้วภูมิใจในทีมรักสุดๆ ไปไหนมาไหนคนก็รู้ว่าเชียร์ทีมไหน ส่วนข้อเสีย... ไม่มีข้อเสียเลยค่ะ! สำหรับแฟนบอล เสื้อบอลนี่คือ Must-have จริงๆ ค่ะ! ใครที่เป็นแฟนลิเวอร์พูลเหมือนกัน ต้องมีไว้ในครอบครองนะคะ! YNWA! ⚽️",⭐️⭐️⭐️; แพงจังครับ; แชมป์ตลอดกาล; Champ ดิวะ,1,0,21,0,0,0,0,1
1380032,1260010,3.0,"สายชาร์ต Micro USB สีเทา

ขอรีวิวสายชาร์จ! หลายคนอาจจะคิดว่าสายชาร์จธรรมดาๆ จะมีอะไรให้รีวิวใช่ไหม? แต่สำหรับสายชาร์จดีๆ ก็สำคัญไม่แพ้กันเลยนะ

เจ้าสายชาร์ต Micro USB สีเทา เส้นนี้คือทนทานเกินคาดมากๆ เลย ปกติสายชาร์จจะขาดง่ายมาก แต่เส้นนี้ใช้มานานแล้วยังไม่มีงอแงเลยค่ะ วัสดุดูแข็งแรงดี ไม่ใช่พลาสติกก๊องแก๊งเหมือนบางยี่ห้อ

เรื่องชาร์จก็คือชาร์จเข้าปกตินะ ไม่ได้เร็วเว่อร์วังอะไร แต่ก็ไม่ช้าจนน่าหงุดหงิดเลย ความยาวก็กำลังดี ไม่สั้นไม่ยาวเกินไป พกพาสะดวกดี

ข้อดีคือความทนทาน และราคาที่น่าคบหาค่ะ ส่วนข้อเสีย... ก็คือมันเป็น Micro USB ซึ่งตอนนี้อาจจะไม่ค่อยนิยมเท่า Type-C แล้ว แต่ถ้าใครยังใช้อุปกรณ์ที่เป็น Micro USB อยู่ แนะนำเส้นนี้เลย! ของดีบอกต่อ!",,0,1,20,1,0,0,0,0
1380033,1260011,6.0,"PS5

ในที่สุดก็ได้มาครอบครองงงง! PS5 ของเรา! คือไม่พูดเยอะเจ็บคอ บอกเลยว่าเกมเมอร์อย่างเราไม่มีไม่ได้จริงๆ!

ตอนแรกก็คิดหนักอยู่ค่ะว่าจะซื้อดีไหม เพราะราคาก็ไม่ใช่เล่นๆ แต่พอได้ลองเล่นเกมที่กราฟิกเทพๆ บน PS5 เท่านั้นแหละ! ภาพสวยคมชัดจนขนลุก โหลดเกมก็เร็วมากกกกก ไม่ต้องรอจนหลับเหมือนสมัยก่อนแล้ว

จอย DualSense ก็คือดีงามพระเก้า มีระบบสั่น Haptic Feedback ที่ทำให้เราอินไปกับเกมมากขึ้นจริงๆ ยิงปืนก็รู้สึกเหมือนยิงจริง วิ่งในป่าก็รู้สึกถึงกิ่งไม้ นี่แหละคือประสบการณ์การเล่นเกมที่สมจริง!

ข้อดีคือประสิทธิภาพสุดยอด เกม Exclusive ก็คือปังมาก ส่วนข้อเสียก็คือ... กระเป๋าตังค์เบาหวิวไปเลยค่ะ ???? แต่บอกเลยว่าคุ้มค่าทุกบาททุกสตางค์ที่เสียไป! ใครที่รักการเล่นเกมคือต้องจัดเลยนะ!",,1,0,20,1,0,0,0,0
1380053,1260018,62.0,"Asus Tuf Gamming F15 FX507ZC4-HN060W

สวัสดี! วันนี้จะมารีวิวโน้ตบุ๊กคู่ใจสำหรับเกมเมอร์อย่างเรา นั่นก็คือ Asus Tuf Gamming F15 FX507ZC4-HN060W นั่นเอง!

บอกเลยว่าเจ้าตัวนี้มันเกิดมาเพื่อการเล่นเกมจริงๆ ค่ะ! ด้วยโปรเซสเซอร์ Intel Core และชิปกราฟิก GeForce GTX นี่คือเล่นเกมลื่นปรื๊ดๆ แบบไม่มีกระตุกเลย ภาพบนจอ IPS 144Hz ก็คือนุ่มนวลสบายตามาก ทำให้เราอินไปกับเกมได้เต็มที่เลย

ที่ชอบอีกอย่างคือเรื่องความทนทาน! ชื่อก็บอกอยู่แล้วว่า TUF คือมันแกร่งจริง พกไปไหนมาไหนไม่ต้องกลัวเลยว่าจะพังง่ายๆ ขนาดก็เล็กและเบาลงกว่ารุ่นก่อนๆ ด้วยนะ แบตก็อึดใช้ได้นานเลยค่ะ

ข้อดีคือแรง ทนทาน เล่นเกมได้ดีเยี่ยม แถมระบายความร้อนก็ดีด้วย ส่วนข้อเสีย... ยังไม่เจอข้อเสียที่ชัดเจนเลย! ถ้าคุณเป็นเกมเมอร์ที่ต้องการโน้ตบุ๊กที่ไว้ใจได้ ลุยได้ทุกที่ทุกสถานการณ์ แนะนำตัวนี้เลย!",wifi ไม่ค่อยดีรุ่นนี้; ไปเอารุ่นใหม่ดีกว่าแก้แล้ว,0,1,24,1,0,0,0,0
1380054,1260018,10.5,"Logitech G Pro X Superlight Wireless Gaming Mouse White

กรี๊ดดดดด! เมาส์อะไรจะเบาขนาดนี้! Logitech G Pro X Superlight Wireless Gaming Mouse White คือที่สุดของความเบาจริงๆ! ไม่ถึง 63 กรัม! เหมือนไม่ได้ถือเมาส์เลยอ่ะ

เป็นคนเล่นเกม FPS ที่ต้องใช้ความเร็วและความแม่นยำสูงๆ เมาส์ตัวนี้คือตอบโจทย์สุดๆ เลยค่ะ การเคลื่อนไหวลื่นไหลมาก แทบไม่มีแรงเสียดทานเลย ทำให้ขยับเมาส์ได้คล่องตัวสุดๆ ยิงหัวได้ง่ายขึ้นเยอะเลย

ดีไซน์ก็คือมินิมอลแต่ดูโปรมาก สีขาวก็คือสวยคลีนๆ ดูแพงสุดๆ แบตเตอรี่ก็อึดใช้ได้นานเลย

ข้อดีคือเบามากกกกก ลื่นไหล แม่นยำ เหมาะกับเกมเมอร์มือโปรมากๆ ค่ะ ส่วนข้อเสียคือราคาก็แรงตามคุณภาพเลย แต่ถ้าใครเป็นสาย E-sport หรืออยากอัปเกรดประสบการณ์การเล่นเกมไปอีกขั้น แนะนำตัวนี้เลย ไม่ผิดหวังแน่นอน!",,0,1,24,1,0,0,0,0
1380055,1260018,9.0,"soundpeats air 3

วันนี้จะมารีวิวหูฟังไร้สายขวัญใจมหาชนอย่าง SoundPEATS Air3 นะ!

ยอมรับว่าตอนแรกก็ลังเลอยู่เหมือนกันว่าจะคุ้มไหม เพราะราคาก็สูงกว่ารุ่น TrueAir 2 อยู่หน่อย แต่พอได้ลองใช้เท่านั้นแหละ... ยอมรับเลยว่าคุ้ม! กล่องชาร์จเล็กกระทัดรัด พกพาง่ายขึ้นเยอะเลย ใส่กระเป๋าเล็กๆ ก็สบาย

ที่ประทับใจสุดๆ คือเรื่องไมค์! คุยโทรศัพท์เสียงชัดมาก อีกฝ่ายได้ยินชัดเจน ไม่ต้องตะโกนเลยค่ะ อันนี้คือดีงามสำหรับคนที่ใช้หูฟังคุยโทรศัพท์บ่อยๆ อย่างเราเลย ส่วนเรื่องเสียงเพลงก็คือฟังละมุน หวานหูดีค่ะ ไม่ได้เบสตึ้บตั้บมาก แต่ก็ฟังได้เพลินๆ ทุกแนว

ข้อดีคือไมค์ดี กล่องเล็กกระทัดรัด เสียงฟังเพราะ ส่วนข้อสังเกตคือถ้าใครชอบเบสหนักๆ อาจจะต้องมองข้ามไปหน่อย แต่โดยรวมแล้วถ้าเน้นคุยโทรศัพท์และฟังเพลงในชีวิตประจำวัน แนะนำ SoundPEATS Air3 ตัวนี้เลย!",,0,1,24,1,0,0,0,0
1380056,1260021,3.0,"AirPods 4

ฮัลโหลทุกคน! วันนี้มาป้ายยา AirPods 4 ที่เพิ่งได้มาใหม่เลย! บอกเลยว่าตัวนี้คือดีงามมากจริงๆ

สิ่งที่ชอบที่สุดคือเรื่องการแยกเสียง! คือมันทำให้เสียงพูดชัดเจนขึ้นมาก ไม่ว่าจะคุยโทรศัพท์หรือฟังพอดแคสต์คือได้ยินชัดทุกคำเลย แถมยังมีฟังก์ชัน Siri ในตัวอีก สะดวกสุดๆ อยากฟังเพลงอะไร อยากโทรหาใครก็แค่เรียก Siri ได้เลย

ที่สำคัญคือเรื่องความสบายในการสวมใส่ค่ะ! เขามีการอัปเดตมาใหม่ ทำให้มันกระชับหูมากๆ ใส่ได้ทั้งวันก็ไม่รู้สึกเจ็บเลย เหมาะกับคนที่ต้องใส่หูฟังนานๆ มากๆ

ข้อดีคือเสียงดี ฟังก์ชันครบ ใส่สบาย ส่วนข้อสังเกตคือถ้าใครติดหูฟังแบบ In-ear ที่ซีลเสียงได้สนิท อาจจะต้องลองก่อนว่าชอบฟีลแบบนี้ไหม แต่โดยรวมแล้ว ถือว่ามันเป็นการลงทุนที่คุ้มค่ามากๆ เลย! ใครกำลังหาหูฟังคู่ใจ บอกเลยว่า AirPods 4 คือตัวเลือกที่ไม่ควรมองข้ามนะ!",อยากได้จุงเบย,1,0,34,1,0,0,0,0
1380057,1260021,6.0,"เก้าอี้เกมมิ่ง Anda Seat Gaming Chair Kaiser 3 Size XL Black

โอ้ยยย! คุณพระคุณเจ้า! เก้าอี้เกมมิ่ง Anda Seat Gaming Chair Kaiser 3 Size XL Black ตัวนี้คือที่สุดของความสบายจริงๆ! ในฐานะที่นั่งหน้าคอมพ์เป็นเวลานานๆ ทั้งเล่นเกมและทำงาน ขอยืนยันเลยว่าตัวนี้คือ Must-have!

วัสดุที่เขาใช้คือ DuraXtra ซึ่งนุ่มสบายมากจริงๆ ค่ะ นั่งนานแค่ไหนก็ไม่ปวด แถมยังลดร่องรอยขีดข่วนได้ดีด้วย เหมาะกับคนซุ่มซ่ามเลย ???? เบาะนั่งก็กว้างขวาง นั่งสบาย รองรับสรีระได้ดีเยี่ยม ไม่เมื่อยหลังเลย

ข้อดีคือสบายมากกกก วัสดุดี ทนทาน ประกอบง่าย ส่วนข้อเสีย... อาจจะต้องใช้พื้นที่หน่อยเพราะเป็น Size XL แต่ถ้าคุณมีพื้นที่และอยากได้เก้าอี้ที่นั่งสบายและดีต่อสุขภาพ แนะนำตัวนี้เลย! ยอมลงทุนเถอะค่ะ หลังไม่พังแน่นอน!",Look so coolllll,1,0,34,0,1,0,0,0
1380058,1260021,6.0,"เก้าอี้เกมมิ่ง Tengu Gaming Chair Muramasa Red

วันนี้จะมารีวิวเก้าอี้เกมมิ่งสุดเท่! Tengu Gaming Chair Muramasa Red ตัวนี้เลย! คือเห็นแว้บแรกก็โดนตกด้วยดีไซน์สายสปอร์ตสีแดงดำสุดคูลแล้วค่ะ

ในฐานะเกมเมอร์ที่ต้องนั่งเล่นเกมยาวๆ การมีเก้าอี้ดีๆ สำคัญมากเลย ตัวนี้วัสดุเป็นหนัง PU ทำความสะอาดง่ายดีค่ะ แถมปรับเอนได้เยอะถึง 90-135 องศา คือเอนนอนดูหนังได้สบายๆ เลย โครงสร้างเหล็กก็แข็งแรงมาก รับน้ำหนักได้ถึง 120 กก. สายกินก็คือรอด! ????

ที่ท้าวแขนก็ปรับสูงได้ถึง 10 ซม. คือดีงามสำหรับคนตัวเล็กตัวใหญ่ แถมมีที่พักเท้าด้วยนะ! คือนั่งแล้วสบายเหมือนอยู่สวรรค์เลย

ข้อดีคือดีไซน์เท่ ปรับได้เยอะ แข็งแรง ทนทาน ส่วนข้อสังเกตคือถ้าใครชอบเบาะแบบนุ่มๆ อาจจะต้องลองนั่งดูก่อน เพราะตัวนี้จะเน้นความกระชับหน่อย แต่โดยรวมแล้ว ถือว่าคุ้มค่ามากๆ สำหรับเกมเมอร์ที่อยากได้เก้าอี้ดีๆ สักตัว!",,1,0,34,0,1,0,0,0
1380059,1260021,0.0,"สมาร์ทโฟน Samsung Galaxy Z Flip6 (12+256GB) Light blue (5G)

โอ้ยยย! ในที่สุดก็ได้มาลองเล่น Samsung Galaxy Z Flip6 สี Light blue สุดน่ารักตัวนี้แล้ว! บอกเลยว่าโดนตกตั้งแต่ดีไซน์เลยค่ะ!

คือมันเล็กกะทัดรัดมาก พกง่ายสุดๆ ใส่กระเป๋าใบจิ๋วก็ยังได้เลย! เปิดออกมาเป็นจอก็ใหญ่สะใจใช้งานสะดวกมากๆ โดยเฉพาะจอนอกที่ตอนนี้ใช้งานได้เยอะขึ้นเยอะเลย ไม่ต้องเปิดเครื่องบ่อยๆ ก็เช็คแจ้งเตือน ตอบแชทได้สบายๆ

เรื่องกล้องก็คือถ่ายสวยคมชัดมาก ที่สำคัญคือเวลาเพื่อนถ่ายรูปให้ เราก็มองเห็นตัวเองบนจอนอกได้ด้วย คือได้ช็อตเป๊ะแน่นอน ไม่ต้องมาลุ้นรูปเบลออีกต่อไป! แถม AI ของ Galaxy ก็คือช่วยให้ชีวิตง่ายขึ้นอีกขั้นจริงๆ ค่ะ

ข้อดีคือดีไซน์เก๋ พกง่าย กล้องดี มี AI แบตเตอรี่ก็อึดขึ้นเยอะเลย ส่วนข้อเสีย... ยังไม่เจอเลย! ใครที่ชอบความเก๋ไก๋ ฟังก์ชันครบครัน และพกพาง่าย แนะนำตัวนี้เลย!",,1,0,34,1,0,0,0,0
1380060,1260021,0.0,"Apple iPad Air 11-inch (M2) Wi-Fi 128GB Space Gray

ในที่สุดก็ได้น้อง iPad Air 11-inch (M2) มาครอบครองแล้ว! สี Space Gray คือสวยหรูดูแพงมากจริงๆ!

บอกเลยว่าชิป M2 เนี่ยคือแรงเหลือเฟือจริงๆ ไม่ว่าจะทำงานมัลติทาสก์หนักแค่ไหน เปิดหลายแอปพร้อมกันก็คือลื่นปรื๊ดๆ ไม่มีสะดุดเลย เอามาใช้ทั้งเรียน ทำงาน แล้วก็ดูหนังเล่นเกมคือครบจบในเครื่องเดียวจริงๆ

ที่ว้าวอีกอย่างคือกล้องหน้าแนวนอนค่ะ! คือมันเหมาะกับการ FaceTime หรือประชุมออนไลน์มากๆ เลย มุมกล้องคือดีงาม ทำให้การคุยสะดวกขึ้นเยอะเลย

ข้อดีคือแรง ลื่นไหล ทำงานได้หลากหลาย กล้องหน้าดีงาม ส่วนข้อเสีย... ก็คือราคาที่อาจจะทำให้กระเป๋าตังค์สั่นเล็กน้อย ???? แต่ถ้าคุณต้องการแท็บเล็ตที่ครบเครื่องทั้งเรื่องประสิทธิภาพและความสะดวกสบาย แนะนำตัวนี้เลย! คุ้มค่าทุกบาททุกสตางค์จริงๆ!",,1,0,34,1,0,0,0,0
1380061,1260021,6.0,"กระเป๋า AMAZINGthing MacBook Sleeve 14 inch Matte Pro with Stand New Grey

ในที่สุดก็ได้กระเป๋า MacBook ใบใหม่! AMAZINGthing MacBook Sleeve 14 inch Matte Pro with Stand New Grey คือตอบโจทย์สุดๆ เลย!

ปกติเป็นคนชอบพก MacBook ไปทำงานนอกบ้านบ่อยๆ กระเป๋า Sleeve ตัวนี้คือดีไซน์สวยมาก สีเทาคือดูดีมีสไตล์สุดๆ เลย แถมวัสดุก็ดูทนทานดีด้วย การปิดด้วยแม่เหล็กก็คือแน่นหนา ไม่ต้องกลัว MacBook หลุดออกมาเลยค่ะ

ที่ว้าวคือมันมีขาตั้งในตัวด้วย! คือสามารถกางออกมาเป็นขาตั้งสำหรับวาง MacBook ได้เลย ทำให้เราพิมพ์งานได้สะดวกสบายขึ้นเยอะ ไม่ต้องก้มคอมาก พกไปที่เดียวได้ทั้งกระเป๋าและขาตั้งเลย สะดวกสุดๆ

ข้อดีคือดีไซน์สวย วัสดุทนทาน มีขาตั้งในตัว พกพาสะดวก ส่วนข้อเสีย... ยังไม่เจอเลย! ถ้าใครใช้ MacBook และกำลังมองหากระเป๋า Sleeve ดีๆ ที่มีฟังก์ชันเสริม แนะนำตัวนี้เลย! รับรองไม่ผิดหวัง!",wow,1,0,34,0,0,0,0,1
1380062,1260021,6.0,"พาวเวอร์แบงค์ AUKEY 10,000 mAh Magnetic Wireless Charging PB-MS02 Black

โอ้ยยยย! เจอพาวเวอร์แบงค์คู่ใจแล้ว! AUKEY 10,000 mAh Magnetic Wireless Charging PB-MS02 Black ตัวนี้คือดีงามมากจริงๆ นะ!

ปกติเป็นคนขี้ลืมสายชาร์จ ชอบลืมพกสายตลอดเวลา พอมีตัวนี้คือชีวิตง่ายขึ้นเยอะเลย เพราะมันชาร์จไร้สายได้! แค่แปะมือถือลงไปก็ชาร์จได้เลย แถมยังเป็น Magnetic ด้วยนะ คือมันดูดติดแน่นเลย ไม่ต้องกลัวหลุดเลยค่ะ

ความจุ 10,000 mAh ก็คือพอสำหรับการใช้งานทั้งวันเลย ชาร์จมือถือได้หลายรอบ แถมยังชาร์จได้ทั้งแบบมีสายและไร้สายพร้อมกันด้วย สะดวกสุดๆ ไปเลย

ที่เด็ดคือมีขาตั้งพับเก็บได้! คือสามารถกางออกมาตั้งมือถือเพื่อดูหนังหรือวิดีโอไปพร้อมๆ กับชาร์จได้เลย อันนี้คือฟังก์ชันที่ชอบมากจริงๆ

ข้อดีคือชาร์จไร้สายได้ มีแม่เหล็กดูด มีขาตั้ง พกพาสะดวก ส่วนข้อเสีย... ยังไม่เจอเลย! ถ้าใครกำลังมองหาพาวเวอร์แบงค์ดีๆ ที่ครบเครื่อง แนะนำตัวนี้เลย!",,1,0,34,1,0,0,0,0
1380063,1260018,0.0,"สมาร์ทโฟน Samsung Galaxy S24 ULTRA (12+512) TITANIUM (5G)

สวัสดีทุกคน! วันนี้จะมารีวิวสมาร์ทโฟนคู่ใจตัวใหม่ล่าสุด นั่นก็คือ Samsung Galaxy S24 ULTRA (12+512) TITANIUM (5G) นั่นเอง!

บอกเลยว่านี่คือที่สุดของสมาร์ทโฟนจริงๆ ค่ะ! ในฐานะคนที่ชอบถ่ายรูปและจดโน้ตบ่อยๆ เจ้า S Pen เนี่ยคือเป็นมากกว่าปากกาจริงๆ นะ มันช่วยให้ชีวิตง่ายขึ้นเยอะมาก ทั้งสั่งถ่ายรูป แปลภาษา หรือแม้แต่แต่งรูปก็คือทำได้หมดเลย

เรื่องกล้องก็คือเทพสุดๆ! ถ่ายภาพสวยคมชัด เก็บรายละเอียดได้ครบทุกมุม ไม่ว่าจะถ่ายวิว ถ่ายคน หรือถ่ายอาหารก็คือสวยหมดเลย รู้สึกเหมือนมีกล้องโปรอยู่ในมือเลยค่ะ

ดีไซน์ก็สวยหรูดูแพง สี TITANIUM ก็คือดูดีมีระดับมากๆ จับแล้วรู้สึกพรีเมี่ยมสุดๆ

ข้อดีคือกล้องเทพ S Pen เจ๋ง ประสิทธิภาพแรงมาก ส่วนข้อสังเกตคือราคาก็เอาเรื่องอยู่เหมือนกัน แต่ถ้าคุณต้องการสมาร์ทโฟนที่ดีที่สุด ครบเครื่องที่สุด แนะนำตัวนี้เลย! ไม่ผิดหวังแน่นอน!",,0,1,24,1,0,0,0,0
1380064,1260018,0.0,"เครื่องฟอกอากาศ PHILIPS 25-78 ตร.ม. AC1715/21 White

โอยยยย! ใครเป็นภูมิแพ้แบบเรา ต้องมีสิ่งนี้ติดบ้านเลย! เครื่องฟอกอากาศ PHILIPS AC1715/21 เนี่ยคือช่วยชีวิตสุดๆ!

ปกติเป็นคนแพ้ฝุ่นง่ายมาก เวลาฝุ่นเยอะๆ จะจามทั้งวันเลย พอได้เครื่องนี้มาคือรู้สึกได้เลยว่าอากาศในห้องมันสะอาดขึ้นเยอะมากค่ะ หายใจโล่งขึ้นเยอะเลย ไม่ค่อยจามแล้วด้วย

แค่กดปุ่มเดียวมันก็กรองฝุ่น กรองไวรัส กรองสารก่อภูมิแพ้ได้หมดเลย คือเครื่องทำงานเร็วมาก CADR 300 ลบ.ม./ชม. นี่คือฟอกอากาศในห้องได้แป๊บเดียวก็สะอาดแล้วค่ะ กรองอนุภาคเล็กๆ ได้ถึง 0.003 ไมครอนเลยนะ คือดีงามมากๆ

ข้อดีคือฟอกอากาศได้ดีมาก หายใจสะดวกขึ้นเยอะ ใช้งานง่าย ส่วนข้อเสีย... ยังไม่เจอเลย! สำหรับสุขภาพปอดแล้ว ลงทุนกับเครื่องฟอกอากาศดีๆ สักเครื่องคือคุ้มค่ามากๆ เลย!",,0,1,24,1,0,0,0,0
1380065,1260018,0.0,"แท็บเล็ต Huawei MatePad SE 11 LTE (8+128) Nebula Gray (HMS)

สำหรับใครที่กำลังมองหาแท็บเล็ตคู่ใจที่ราคาเป็นมิตรแต่คุณภาพไม่เป็นรองใคร ขอแนะนำ Huawei MatePad SE 11 LTE ตัวนี้เลย!

ยอมรับว่าตอนแรกก็แอบลังเลนะ แต่พอได้ลองใช้จริงๆ คือมันเกินคาดมากเลยค่ะ! หน้าจอใหญ่สะใจมาก ดูหนัง ดูซีรีส์คือฟินสุดๆ แถมยังเป็นจอถนอมสายตาด้วยนะ ดูนานแค่ไหนก็ไม่ปวดตาเลย

ลำโพง 4 ตัวที่ให้มาก็คือเสียงดีมาก! กระหึ่มสุดๆ เหมือนมีโรงหนังส่วนตัวเลยก็ว่าได้ ส่วนแบตเตอรี่ก็คืออึดมาก! ใช้งานได้ทั้งวันแบบไม่ต้องกังวลเลยว่าจะแบตหมดระหว่างทาง

ข้อดีคือจอสวย ลำโพงดี แบตอึด ราคาดีงาม ส่วนข้อเสีย... สำหรับคนที่ไม่ได้ติด Google Services มากมาย ตัวนี้คือแท็บเล็ตที่คุ้มค่ามากๆ เลย!",,0,1,24,1,0,0,0,0
1380066,1260027,0.0,"แก้ว yeti สุด cool

วันนี้จะมารีวิวแก้วที่จริงใจ! แก้ว Yeti นั่นเอง! คือใครยังไม่มีต้องมีแล้วนะ!

แรกๆ ก็คิดว่าแก้วอะไรจะแพงขนาดนี้ แต่พอได้มาลองใช้เองเท่านั้นแหละค่ะ คือเข้าใจเลยว่าทำไมคนถึงฮิตกันนักหนา! มันเก็บความเย็นได้แบบข้ามวันข้ามคืนจริงๆ นะ ใส่ในน้ำแข็งไว้ตั้งแต่เช้า ตกเย็นน้ำแข็งยังอยู่เกือบเต็มแก้วเลยอ่ะ คือมัน Amazing มากจริงๆ!

ไม่ว่าจะอากาศร้อนแค่ไหน น้ำในแก้วก็ยังเย็นเจี๊ยบอยู่เลย พกไปไหนมาไหนก็คือสะดวกมาก ดีไซน์ก็คือเรียบง่ายแต่ดูดี มีหลายสีให้เลือกด้วยนะ

ข้อดีคือเก็บความเย็นได้โคตรดี ทนทานมากๆ ส่วนข้อเสีย... ราคาที่ทำให้ใจสั่นนิดหน่อย แต่ถ้าเทียบกับคุณภาพที่ได้คือคุ้มค่าทุกบาททุกสตางค์จริงๆ! ใครที่ชอบดื่มน้ำเย็นๆ ตลอดเวลา ต้องมีแก้ว Yeti ติดตัวไว้เลย! คอนเฟิร์ม!",,0,1,22,0,0,0,0,1
1380067,1260018,0.0,"ลำโพงบลูทูธ JBL Party Box Stage 320 White

สายปาร์ตี้ตัวจริงต้องห้ามพลาด! ลำโพงบลูทูธ JBL Party Box Stage 320 White ตัวนี้คือที่สุดของความมันส์จริงๆ!

เพิ่งได้ลองใช้ในงานเลี้ยงที่บ้าน บอกเลยว่าเสียงกระหึ่มมากกกก! เบสแน่นตึ้บจนพื้นสะเทือน วูฟเฟอร์ high-sensitivity สองตัวนี่คือให้เสียงดีเกินคาดจริงๆ เปิดเพลงแดนซ์คือโยกกันมันส์สุดๆ

ที่ชอบคือมีฟังก์ชัน AI Sound Boost ด้วย คือมันวิเคราะห์เสียงแบบเรียลไทม์ ทำให้เสียงออกมาดีที่สุดตลอดเวลาเลย แถมยังกันน้ำได้ด้วยนะ! พกไปปาร์ตี้ริมสระน้ำก็คือสบายมากไม่ต้องกลัวพังเลย

แบตเตอรี่ก็อึดสุดๆ เปิดเพลงได้ยาวนานตลอดทั้งคืน ไม่ต้องกลัวแบตหมดกลางคันเลย

ข้อดีคือเสียงทรงพลัง กันน้ำ แบตอึด เหมาะกับสายปาร์ตี้มากๆ ส่วนข้อเสีย... น้ำหนักอาจจะเยอะไปหน่อย พกพายากนิดนึง แต่ถ้าเทียบกับความมันส์ที่ได้คือคุ้มค่ามากๆ เลย!",,0,1,24,1,0,0,0,0
1380068,1260018,10.0,"Computer Set - AMD VALUE SET1 (R5 5600GT | RAM16GB/3200 | SSD250GB)

สวัสดีทุกคน! วันนี้จะมารีวิวคอมเซ็ตสุดคุ้ม! Computer Set - AMD VALUE SET1 ตัวนี้เลย!

ในฐานะที่ไม่ได้เป็นเกมเมอร์ฮาร์ดคอร์อะไรมาก แต่ก็อยากได้คอมที่ทำงานได้สบายๆ ดูหนังฟังเพลงลื่นๆ เล่นเกมเบาๆ ได้บ้าง ตัวนี้คือตอบโจทย์มากๆ เลย

ซีพียู AMD Ryzen 5 ที่มีกราฟฟิกในตัวคือดีงามมาก ไม่ต้องซื้อการ์ดจอแยกก็ยังทำงานได้ดีเลย แรม 16GB ก็คือพอสำหรับการทำงานทั่วไป เปิดหลายโปรแกรมพร้อมกันก็ยังลื่นไหลอยู่ SSD 250GB ก็คือโหลดวินโดวส์เร็ว เปิดเครื่องแป๊บเดียวก็พร้อมใช้งานแล้วค่ะ

ข้อดีคือราคาคุ้มค่ามาก ทำงานทั่วไปได้ดี เล่นเกมไม่หนักมากได้สบายๆ ส่วนข้อเสีย... ถ้าใครเป็นเกมเมอร์สายฮาร์ดคอร์ที่ต้องการเล่นเกมกราฟิกหนักๆ อาจจะต้องมองข้ามไปหน่อย แต่โดยรวมแล้วสำหรับคนที่ต้องการคอมพิวเตอร์สำหรับการใช้งานในชีวิตประจำวัน แนะนำตัวนี้เลย!",,0,1,24,1,0,0,0,0
1380069,1260018,5.0,"Computer Set - MSI COM EXPO SET4 (R5 4500 | RAM16GB/3200 | SSD 256GB | RTX3050)

วันนี้จะมารีวิวคอมเซ็ตที่มองว่าคุ้มค่าเกินราคามากๆ นั่นก็คือ Computer Set - MSI COM EXPO SET4 ตัวนี้เลย!

ยอมรับเลยว่าตอนแรกที่เห็นสเปกก็แอบว้าวแล้วนะ พอได้มาลองใช้จริงคือมันดีกว่าที่คิดอีกค่ะ! CPU AMD Ryzen 5 ทำงานร่วมกับการ์ดจอ MSI RTX 3050 เนี่ยคือเข้ากันได้ดีมาก ทำให้เล่นเกมระดับกลางๆ ได้สบายๆ เลย ภาพสวย ลื่นไหล ไม่มีสะดุด

แรม 16GB ก็คือพอสำหรับการทำงานทั่วไป เปิดหลายแท็บในเบราว์เซอร์ก็ยังลื่นไหลอยู่ SSD 256GB ก็ทำให้โหลดโปรแกรมเร็วขึ้นเยอะเลย

ข้อดีคือราคาดีมาก ได้การ์ดจอแยก เล่นเกมระดับกลางได้ดี ทำงานทั่วไปได้สบายๆ ส่วนข้อเสีย... ถ้าใครอยากเล่นเกมกราฟิกหนักๆ แบบปรับสุด อาจจะต้องอัปเกรดการ์ดจอเพิ่ม แต่โดยรวมแล้วสำหรับราคาเท่านี้ ถือว่ามันคุ้มค่ามากๆ เลย! เหมาะกับคนที่ต้องการคอมพิวเตอร์ที่ใช้งานได้หลากหลาย ไม่ว่าจะทำงานหรือเล่นเกม!",,0,1,24,1,0,0,0,0
1380070,1260018,0.0,"สมาร์ทวอทช์ Samsung Galaxy Fit3 Pink Gold

วันนี้จะมารีวิวสมาร์ทวอทช์สีชมพูสุดน่ารัก! Samsung Galaxy Fit3 Pink Gold ตัวนี้เลย! ใครสายสุขภาพหรือชอบออกกำลังกายต้องโดน!

บอกเลยว่าชอบดีไซน์มากๆ เลย สี Pink Gold คือสวยหวานมาก ใส่แล้วดูดีสุดๆ หน้าจอ 1.6 นิ้วก็ใหญ่กำลังดี มองเห็นข้อมูลได้ชัดเจน น้ำหนักเบามาก ใส่แล้วไม่รู้สึกเกะกะเลย

ฟังก์ชันสุขภาพก็คือครบครันสุดๆ ติดตามการนอน การเต้นของหัวใจ โหมดออกกำลังกายก็มีให้เลือกเป็นร้อยแบบเลย! ไม่ว่าจะวิ่ง โยคะ หรือปั่นจักรยานก็คือเก็บข้อมูลได้หมดเลย แบตเตอรี่ก็อึดมาก ใช้ได้ตลอดทั้งวันสบายๆ เลย

ข้อดีคือดีไซน์สวย ฟังก์ชันสุขภาพแน่น แบตอึด น้ำหนักเบา ส่วนข้อเสีย... สำหรับคนที่ต้องการสมาร์ทวอทช์ที่โทรออกรับสายได้โดยตรงอาจจะต้องมองรุ่นอื่น แต่โดยรวมแล้วสำหรับราคาเท่านี้ ถือว่าคุ้มค่ามากๆ เลย! แนะนำเลย!",,0,1,24,1,0,0,0,0
1380071,1260005,5.0,"ROG Labtop For YOU! (ROG)

โอ้ยยยย! ในที่สุดก็ได้มาลองเจ้า ROG Labtop For YOU! ตัวนี้แล้ว! บอกเลยว่าสมคำร่ำลือจริงๆ นะ นี่แหละโน้ตบุ๊กที่เกมเมอร์ทุกคนใฝ่ฝัน!

ในฐานะเกมเมอร์ตัวยง บอกเลยว่าประสิทธิภาพของ ROG นี่คือสุดยอดมาก! เล่นเกมกราฟิกหนักแค่ไหนก็คือลื่นปรื๊ดๆ ไม่มีกระตุกเลย ภาพสวยคมชัดจนแทบจะทะลุจอออกมาเลย การตอบสนองของเครื่องก็คือเร็วมาก เปิดปิดโปรแกรม เปิดเกมคือไวสุดๆ

ดีไซน์ก็คือเท่บาดใจ มีความเป็นเกมเมอร์สูงมาก ไฟ RGB ก็คือสวยงามอลังการสุดๆ ไปเลย

ข้อดีคือแรงเหลือเฟือ เล่นเกมได้สุดยอด ดีไซน์เท่ ส่วนข้อเสีย... ก็คือราคานี่แหละที่อาจจะทำให้หลายคนต้องคิดหนัก แต่ถ้าคุณจริงจังกับการเล่นเกมและต้องการประสบการณ์ที่ดีที่สุด แนะนำตัวนี้เลย! ไม่มีคำว่าผิดหวัง!",,1,0,21,1,0,0,0,0
1380072,1260001,0.0,"รีวิวโต๊ะทำงานอเนกประสงค์ พับเก็บได้ ประหยัดพื้นที่สุดๆ

สำหรับคนอยู่คอนโดหรือห้องเล็กๆ แบบเรา โต๊ะทำงานตัวนี้คือตอบโจทย์ชีวิตสุดๆ เลย! เป็นโต๊ะพับได้ที่ออกแบบมาดีมาก คือใช้งานสะดวกมาก จะกางออกเป็นโต๊ะทำงานใหญ่ๆ ก็ได้ พอไม่ใช้ก็พับเก็บได้เรียบสนิทแนบผนังไปเลย คือประหยัดพื้นที่ไปได้เยอะมากๆ

วัสดุก็แข็งแรงทนทานดีนะ ไม่ก๊องแก๊งอย่างที่คิด แถมดีไซน์ก็มินิมอลเข้ากับห้องได้ง่าย

ข้อดีคือประหยัดพื้นที่สุดๆ แข็งแรง ทนทาน และใช้งานง่ายมาก เหมาะกับไลฟ์สไตล์คนเมืองที่ต้องการความยืดหยุ่น ส่วนข้อเสียอาจจะเป็นเรื่องราคาที่สูงกว่าโต๊ะปกติไปหน่อย แต่ถ้าเทียบกับการใช้งานจริงและพื้นที่ที่ได้คืนมา ถือว่าคุ้มค่ามากๆ เลยค่ะ แนะนำเลย!",,1,0,21,0,1,0,0,0
1380073,1260002,0.0,"กระเป๋าเป้เดินทาง Quechua 20 ลิตร ลุยได้ทุกทริป! 

ใครสายเดินป่า หรือชอบเที่ยวแบบ One Day Trip ต้องมีกระเป๋าเป้ Quechua 20 ลิตรใบนี้เลยค่ะ! คือมันเป็นกระเป๋าที่เบามาก แต่ช่องเก็บของเยอะมากกกก! จุของได้เยอะเกินคาดจริงๆ

เคยใช้ไปเดินป่าสั้นๆ คือสะพายสบายหลังมาก ไม่ปวดไหล่เลย ผ้าก็กันน้ำได้ดีระดับนึงนะ เจอฝนปรอยๆ ของข้างในก็ไม่เปียกเลย

ข้อดีคือเบา จุเยอะ กันน้ำได้ (ระดับนึง) และราคาเป็นมิตรสุดๆ! ใครกำลังหากระเป๋าเป้สำหรับทริปเล็กๆ หรือใช้ในชีวิตประจำวันก็คือเหมาะมากเลยค่ะ คุ้มค่าเกินราคาจริงๆ!",,1,0,33,0,0,1,0,0
1380074,1260003,36.0,"รีวิวน้ำตบ SK-II Facial Treatment Essence สกินแคร์ตัวท็อปในตำนาน

โอ้ยยย! ในที่สุดก็ได้ลองน้ำตบ SK-II Facial Treatment Essence ในตำนานสักทีค่ะ! ราคาเอาเรื่องอยู่นะ แต่ยอมใจขาดดิ้นเลยจริงๆ! ลองใช้มาสักพักแล้วอยากจะมาบอกต่อความรู้สึก

สิ่งแรกที่รู้สึกคือผิวดูใสขึ้น! รูขุมขนกระชับขึ้นนิดหน่อย และที่สำคัญคือผิวดูอิ่มฟู สุขภาพดีขึ้นมากๆ เลยค่ะ บางคนอาจจะไม่ชอบกลิ่นนะ แต่สำหรับเราคือรับได้นะ เพราะผลลัพธ์ที่ได้คือดีงามจริงๆ

ข้อดีคือผิวดูใสขึ้น อิ่มฟู รูขุมขนกระชับ ส่วนข้อเสียคือราคาค่อนข้างสูง และบางคนอาจจะไม่ชอบกลิ่นเฉพาะตัว แต่ถ้าใครกำลังมองหาน้ำตบดีๆ ที่ลงทุนแล้วเห็นผล เป็ดน้อยแนะนำตัวนี้เลยค่ะ! คือมันเป็นสกินแคร์ที่ควรมีติดโต๊ะจริงๆ!",,0,1,24,0,0,0,1,0
1380075,1260004,0.0,"ต่างหูเงินแท้ ดีไซน์มินิมอล ใส่ได้ทุกวันไม่มีเบื่อ

วันนี้ขอรีวิว Accessories ที่ใส่ได้ทุกวันไม่มีเบื่อเลยค่ะ นั่นก็คือต่างหูเงินแท้ดีไซน์มินิมอลคู่นี้นี่แหละ! คือเป็นคนชอบอะไรเรียบๆ แต่ดูดี แล้วคู่นี้คือตอบโจทย์มากๆ

ดีไซน์คือเรียบง่ายมาก ใส่ได้กับทุกลุคเลย ไม่ว่าจะแต่งตัวสบายๆ หรือจะแต่งตัวออกงานเบาๆ ก็เข้าหมดเลยค่ะ ที่สำคัญคือเป็นเงินแท้ ไม่แพ้ ไม่คัน ไม่ระคายเคืองผิวเลย เคยเจอต่างหูปลอมแล้วแพ้หนักมาก พอมาเจอคู่นี้คือสบายใจเลย

ข้อดีคือดีไซน์สวย มินิมอล ใส่ได้ทุกวัน ไม่แพ้ ไม่คัน ส่วนข้อสังเกตคืออาจจะไม่เหมาะกับคนที่ชอบต่างหูแบบอลังการหน่อย แต่ถ้าใครเป็นสายมินิมอล ชอบอะไรที่ใช้ง่าย ใส่ได้นานๆ แนะนำเลยค่ะ!",,1,0,30,0,0,0,0,1
1380076,1260005,0.0,"รีวิวลำโพงบลูทูธพกพา Marshall Kilburn II เสียงดี ดีไซน์เรโทรโดนใจ

โอ้ยยย! ลำโพงอะไรจะเท่ขนาดนี้! Marshall Kilburn II ตัวนี้คือโดนใจสายวินเทจแบบเราสุดๆ เลยค่ะ! ดีไซน์คือสวยคลาสสิกมากๆ วางตรงไหนก็ดูดีไปหมดเลย

เรื่องเสียงนี่ไม่ต้องพูดถึง! คือเสียงดีมากกกก! เบสแน่น กลางชัด แหลมใส เปิดเพลงฟังคือฟินสุดๆ ไม่ว่าจะฟังเพลงแนวไหนก็เพราะไปหมดเลยค่ะ แถมยังพกพาไปไหนมาไหนได้สะดวกด้วยนะ แบตก็อึดใช้ได้นานเลย

ข้อดีคือดีไซน์สวยคลาสสิก เสียงดีมาก พกพาสะดวก แบตอึด ส่วนข้อเสียคือราคาค่อนข้างสูง แต่ถ้าคุณเป็นคนรักเสียงเพลงและชอบดีไซน์แบบเรโทร แนะนำตัวนี้เลยค่ะ! เป็นการลงทุนที่คุ้มค่ามากๆ!",,1,0,21,1,0,0,0,0
1380077,1260006,0.0,"เก้าอี้ Ergonomic Sihoo M57 ดีต่อสุขภาพหลังในระยะยาว

ในฐานะมนุษย์ออฟฟิศที่ต้องนั่งหน้าคอมพ์วันละหลายชั่วโมง ขอรีวิวเก้าอี้ Ergonomic Sihoo M57 ตัวนี้เลยค่ะ! คือมันเปลี่ยนชีวิตเราจริงๆ นะ

ก่อนหน้านี้ปวดหลังหนักมาก นั่งนานๆ คือทรมานสุดๆ พอได้มาใช้เก้าอี้ตัวนี้คืออาการปวดหลังดีขึ้นเยอะมากค่ะ! มันรองรับสรีระได้ดีเยี่ยมจริงๆ ปรับได้หลายส่วนเลย ไม่ว่าจะเป็นพนักพิง ที่รองคอ ที่วางแขน คือปรับให้เข้ากับตัวเราได้หมดเลย

วัสดุก็แข็งแรงทนทาน ดูดีมีคุณภาพมากๆ นั่งสบายระบายอากาศได้ดีด้วย

ข้อดีคือดีต่อสุขภาพหลังมาก ปรับได้เยอะ วัสดุดี ทนทาน ส่วนข้อเสียคือราคาสูงกว่าเก้าอี้ทั่วไปหน่อย แต่ถ้ามองเป็นการลงทุนเพื่อสุขภาพในระยะยาวแล้ว ถือว่าคุ้มค่ามากๆ เลยค่ะ! ใครปวดหลังต้องลองเลยนะ!",,0,1,21,0,1,0,0,0
1380078,1260007,3.0,"เต็นท์ Coleman Instant Tent 4P กางง่าย เก็บเร็ว สำหรับสายแคมป์มือใหม่

สำหรับสายแคมป์ปิ้งมือใหม่แบบเรา เต็นท์ Coleman Instant Tent 4P ตัวนี้คือสวรรค์เลยค่ะ! คือมันกางง่ายมากกกก! แค่กางออกแล้วดึงๆ นิดหน่อยก็เป็นรูปเป็นร่างแล้ว ไม่ต้องเสียเวลามานั่งประกอบเสาให้ยุ่งยากเลย

เก็บก็ง่าย พับๆ ใส่ถุงก็เรียบร้อย เหมาะกับคนที่อยากไปแคมป์แต่ไม่อยากยุ่งยากกับการกางเต็นท์เลย

พื้นที่ด้านในก็กว้างขวางดีนะ นอนได้ 4 คนสบายๆ ระบายอากาศก็ดี ไม่อึดอัดเลย

ข้อดีคือกางง่าย เก็บเร็ว เหมาะกับมือใหม่ พื้นที่กว้าง ส่วนข้อเสียคืออาจจะไม่เหมาะกับอากาศหนาวจัดๆ หรือลมแรงมากๆ เพราะมันเน้นความง่ายในการกาง แต่โดยรวมแล้วถ้าคุณอยากลองไปแคมป์ปิ้งแบบสบายๆ แนะนำตัวนี้เลยค่ะ!",,1,0,30,0,0,1,0,0
1380079,1260008,0.0,"รีวิวคุชชั่น Laneige Neo Cushion Matte ปกปิดดี คุมมัน เที่ยวได้ทั้งวัน

สำหรับสาวๆ ที่ชอบงานผิวเนียนกริบ ปกปิดดี คุมมันเริ่ดๆ ต้องลองคุชชั่น Laneige Neo Cushion Matte ตัวนี้เลยค่ะ! คือมันดีงามพระรามแปดจริงๆ!

เป็นคนผิวมัน มีรอยสิวบ้าง พอใช้ตัวนี้คือปกปิดได้ดีมากๆ เลยค่ะ แต่ยังให้ความเป็นผิวอยู่นะ ไม่ได้หนาโบ๊ะเลย ที่สำคัญคือคุมมันได้ดีมาก! เคยใช้ตั้งแต่เช้าออกไปข้างนอกทั้งวัน หน้าก็ยังไม่เยิ้มเลยค่ะ คือดีงามมากๆ

ดีไซน์ตลับก็คือมินิมอลน่ารัก พกพาสะดวกด้วยนะ

ข้อดีคือปกปิดดี คุมมันดี ติดทน ให้ความเป็นผิว ส่วนข้อเสียคืออาจจะไม่เหมาะกับคนผิวแห้งมาก เพราะฟินิชจะแมตต์ ถ้าผิวแห้งอาจจะตกร่องได้นิดหน่อย แต่ถ้าคุณเป็นสาวผิวมันหรือผิวผสม แนะนำตัวนี้เลยค่ะ! ของมันต้องมี!",,1,0,125,0,0,0,1,0
1380080,1260009,0.0,"นาฬิกาข้อมือ Casio F-91W นาฬิกาในตำนานที่ไม่มีวันตาย

ใครกำลังมองหานาฬิกาข้อมือที่ทนทาน ราคาถูก และใส่ได้ทุกวัน ขอแนะนำ Casio F-91W ตัวนี้เลยค่ะ! คือมันเป็นนาฬิกาในตำนานจริงๆ นะ

ดีไซน์คือเรียบง่ายมาก! ใส่ได้กับทุกสไตล์เลย ไม่ว่าจะใส่ไปเรียน ใส่ไปทำงาน หรือใส่ไปเที่ยวก็คือเข้าหมดเลยค่ะ ที่สำคัญคือมันทนทานมากๆ เคยทำหล่นหลายรอบแล้วก็ยังไม่พังเลย กันน้ำได้ระดับนึงด้วยนะ

ฟังก์ชันก็คือพื้นฐานเลย มีบอกเวลา ตั้งปลุก จับเวลา คือครบจบในเรือนเดียว

ข้อดีคือทนทาน ราคาถูก ใส่ได้ทุกวัน ฟังก์ชันพื้นฐานครบครัน ส่วนข้อเสียคืออาจจะดูไม่แฟชั่นเท่าไหร่ แต่ถ้าคุณเป็นคนชอบนาฬิกาที่ใช้งานได้จริง ไม่ต้องดูแลเยอะ แนะนำตัวนี้เลยค่ะ! คุ้มค่าเกินราคามากๆ!",,0,1,77,0,0,0,0,1
1380082,1260010,0.0,"หูฟังไร้สาย Sony WH-1000XM5 ตัดเสียงรบกวนขั้นเทพ เหมือนอยู่ในโลกส่วนตัว

กรี๊ดดดด! ต้องรีวิวหูฟัง Sony WH-1000XM5 ตัวนี้เลยค่ะ! คือมันเป็นหูฟังที่เปลี่ยนโลกการฟังเพลงของเราจริงๆ!

เป็นคนที่ไม่ชอบเสียงรบกวนเวลาทำงานหรือเดินทางเลย พอได้ลองตัวนี้คือแบบ... เงียบสงัด! เหมือนอยู่ในโลกส่วนตัวเลยค่ะ ระบบตัดเสียงรบกวนคือเทพมากๆ แทบไม่ได้ยินเสียงรอบข้างเลย ทำให้เรามีสมาธิกับการทำงานหรือดื่มด่ำกับเสียงเพลงได้เต็มที่

เสียงก็คือดีงามตามสไตล์ Sony เบสแน่น กลางชัด แหลมใส ฟังเพลงอะไรก็เพราะไปหมด แถมยังใส่สบายมากๆ เลยนะ ใส่ได้นานๆ ก็ไม่เจ็บหูเลย

ข้อดีคือตัดเสียงรบกวนดีมาก เสียงดี ใส่สบาย ส่วนข้อเสียคือราคาสูงไปนิดนึง แต่ถ้าคุณเดินทางบ่อย หรือต้องการสมาธิมากๆ แนะนำตัวนี้เลยค่ะ! คุ้มค่าทุกบาททุกสตางค์จริงๆ!",,0,1,20,1,0,0,0,0
1380083,1260011,0.0,"โซฟาเบด IKEA FRIHETEN นั่งสบาย นอนได้ ประหยัดพื้นที่

สำหรับคนที่มีพื้นที่จำกัดแต่อยากได้โซฟาที่ใช้งานได้หลากหลาย ต้องโซฟาเบด IKEA FRIHETEN ตัวนี้เลยค่ะ! คือมันเป็นโซฟาที่ตอบโจทย์ชีวิตคนเมืองสุดๆ

ตอนกลางวันเป็นโซฟานั่งเล่นได้สบายๆ พอตกกลางคืนก็ปรับเป็นเตียงนอนได้เลย! คือสะดวกมากๆ ไม่ต้องมีเตียงแยกให้เปลืองพื้นที่เลยค่ะ แถมพื้นที่ใต้โซฟายังเก็บของได้อีกด้วยนะ คือดีงามมากๆ

วัสดุก็แข็งแรงทนทานดี นั่งสบาย นอนก็สบายนะ ไม่ได้แข็งกระด้างอย่างที่คิด

ข้อดีคือประหยัดพื้นที่ ใช้งานได้หลากหลาย แข็งแรง ทนทาน ส่วนข้อเสียคืออาจจะประกอบยากนิดหน่อยสำหรับบางคน แต่ถ้าประกอบเสร็จแล้วคือคุ้มค่ามากๆ เลยค่ะ! แนะนำเลยสำหรับคนที่มีพื้นที่จำกัด!",,1,0,20,0,1,0,0,0
1380084,1260012,6.5,"รองเท้าเดินป่า Salomon X Ultra 4 GTX ลุยได้ทุกสภาพอากาศ

ใครเป็นสายเดินป่า ลุยธรรมชาติ ต้องมีรองเท้า Salomon X Ultra 4 GTX คู่นี้เลยค่ะ! คือมันเป็นรองเท้าที่เปลี่ยนประสบการณ์การเดินป่าของเราจริงๆ

เป็นคนเดินป่าบ่อย เจอทั้งทางเปียก ทางแห้ง หินลื่นๆ รองเท้าคู่นี้คือเอาอยู่หมดเลยค่ะ กันน้ำได้ดีมาก เดินลุยลำธารก็คือเท้าไม่เปียกเลย พื้นรองเท้าเกาะยึดได้ดีเยี่ยม ไม่ลื่นเลย ทำให้เราเดินได้อย่างมั่นใจ

ที่สำคัญคือใส่สบายมากๆ เลยนะ ไม่กัดเท้าเลยแม้จะใส่เดินนานๆ

ข้อดีคือกันน้ำได้ดีเยี่ยม เกาะยึดดี ใส่สบาย ทนทาน ส่วนข้อเสียคือราคาค่อนข้างสูงไปนิดนึง แต่ถ้าเทียบกับคุณภาพและการใช้งานที่ได้มา ถือว่าคุ้มค่ามากๆ เลยค่ะ! ใครสายลุย ต้องมีคู่นี้เลย!",,1,0,21,0,0,1,0,0
1380085,1260013,8.0,"รีวิวเซรั่ม Sulwhasoo First Care Activating Serum สกินแคร์พรีเมี่ยมจากเกาหลี

วันนี้ขอมาป้ายยาเซรั่มตัวท็อปจากเกาหลี! Sulwhasoo First Care Activating Serum ตัวนี้เลยค่ะ! คือมันเป็นเซรั่มที่ให้ความรู้สึกพรีเมี่ยมมากๆ ตั้งแต่แรกที่ได้ลองเลย

เป็นคนที่มีปัญหาผิวหมองคล้ำ ไม่สดใส พอใช้ตัวนี้ไปสักพักรู้สึกได้เลยว่าผิวดูเปล่งปลั่งขึ้น ดูสุขภาพดีขึ้นจริงๆ ค่ะ ซึมซาบเร็ว ไม่เหนียวเหนอะหนะเลยนะ กลิ่นก็หอมอ่อนๆ ให้ความรู้สึกผ่อนคลาย

ข้อดีคือผิวดูเปล่งปลั่งขึ้น สุขภาพดีขึ้น ซึมซาบเร็ว กลิ่นหอม ส่วนข้อเสียคือราคาค่อนข้างสูงไปนิดนึง แต่ถ้าใครอยากลงทุนกับสกินแคร์ดีๆ ที่ช่วยฟื้นฟูผิวให้ดูอ่อนเยาว์และสุขภาพดี แนะนำตัวนี้เลยค่ะ!",,1,0,24,0,0,0,1,0
1380086,1260015,0.0,"แว่นกันแดด Ray-Ban Wayfarer คลาสสิกตลอดกาล ไม่มีเอาต์

วันนี้ขอรีวิว Accessories ที่ไม่มีวันเอาต์! แว่นกันแดด Ray-Ban Wayfarer คู่นี้เลยค่ะ! คือมันเป็นอะไรที่คลาสสิกมากๆ ใส่ได้ทุกยุคทุกสมัยเลย

ดีไซน์คืออมตะสุดๆ ใส่แล้วดูดีมีสไตล์ ไม่ว่าจะแต่งตัวแนวไหนก็เข้าหมดเลยค่ะ เลนส์ก็คุณภาพดีนะ กันแดดได้ดีเยี่ยมเลย ใส่แล้วสบายตามากๆ

เคยซื้อมานานแล้วก็ยังใส่ได้เรื่อยๆ เลยนะ ไม่เคยตกเทรนด์เลยจริงๆ

ข้อดีคือดีไซน์คลาสสิก ใส่ได้ทุกวัน คุณภาพดี กันแดดดีเยี่ยม ส่วนข้อเสียคือราคาสูงกว่าแว่นกันแดดทั่วไปหน่อย แต่ถ้ามองเป็นการลงทุนระยะยาวแล้ว คุ้มค่ามากๆ เลยค่ะ! ต้องมีติดบ้านไว้สักอันนะ!",,1,0,20,0,0,0,0,1
1380087,1260016,9.5,"เครื่องชงกาแฟ Nespresso Vertuo Next ทำกาแฟได้หลากหลายเมนู สะดวกสุดๆ

สายกาแฟอย่างเราต้องมี! เครื่องชงกาแฟ Nespresso Vertuo Next ตัวนี้คือเปลี่ยนชีวิตการดื่มกาแฟที่บ้านจริงๆ ค่ะ!

คือมันใช้ง่ายมากๆ แค่ใส่แคปซูลกาแฟลงไป กดปุ่มเดียวก็ได้กาแฟอร่อยๆ มาดื่มแล้วค่ะ มีให้เลือกหลากหลายเมนูเลยนะ ทั้งเอสเพรสโซ ลาเต้ คาปูชิโน คืออยากดื่มอะไรก็ได้ตามใจเลย

รสชาติกาแฟก็คือดีงามไม่แพ้ร้านกาแฟเลยนะ ครีมม่าแน่นๆ หอมๆ คือฟินมากๆ

ข้อดีคือใช้งานง่าย สะดวก รสชาติดี มีหลากหลายเมนู ส่วนข้อเสียคือราคาแคปซูลค่อนข้างสูง แต่ถ้าคุณเป็นคนรักกาแฟและต้องการความสะดวกสบายในการทำกาแฟที่บ้าน แนะนำตัวนี้เลยค่ะ!",,0,1,22,1,0,0,0,0
1380088,1260017,0.0,"ตู้เก็บของ IKEA KALLAX จัดระเบียบห้องได้ง่ายๆ สวยงามมินิมอล

สำหรับคนที่ของเยอะ ห้องรกๆ ต้องมีตู้เก็บของ IKEA KALLAX ตัวนี้เลยค่ะ! คือมันเป็นตู้ที่ช่วยชีวิตเราจากการเป็นคนห้องรกจริงๆ นะ

ดีไซน์คือมินิมอลสุดๆ วางตรงไหนก็เข้ากับห้องได้หมดเลย มีช่องเก็บของเยอะมากๆ สามารถใส่กล่อง ตะกร้า หรือจะวางหนังสือ ของตกแต่งก็ได้หมดเลยค่ะ ทำให้ห้องดูเป็นระเบียบเรียบร้อยขึ้นเยอะมากๆ

ประกอบก็ง่ายนะ ไม่ได้ยุ่งยากอย่างที่คิดเลยค่ะ วัสดุก็แข็งแรงทนทานดีด้วย

ข้อดีคือจัดระเบียบห้องได้ดี ดีไซน์สวย มินิมอล แข็งแรง ทนทาน ส่วนข้อเสียอาจจะหนักไปหน่อยถ้าต้องเคลื่อนย้ายบ่อยๆ แต่โดยรวมแล้วถ้าคุณอยากจัดระเบียบห้องให้ดูดีมีสไตล์ แนะนำตู้ KALLAX ตัวนี้เลยค่ะ!",,1,0,20,0,1,0,0,0
1380089,1260018,0.0,"เป้สะพายหลัง Kånken Classic ทนทาน กันน้ำ แฟชั่นตลอดกาล

ใครเป็นสายแฟชั่น หรือชอบเป้ที่ทนทาน ใช้งานได้นานๆ ต้องมี Kånken Classic ใบนี้เลยค่ะ! คือมันเป็นเป้ที่ฮิตตลอดกาลจริงๆ นะ

ดีไซน์คือเรียบง่ายแต่มีสไตล์มากๆ ใส่ไปเรียน ใส่ไปทำงาน หรือใส่ไปเที่ยวก็คือเข้าหมดเลยค่ะ สีก็มีให้เลือกเยอะมากๆ เลยนะ ที่สำคัญคือวัสดุทนทานมากๆ กันน้ำได้ด้วยนะ เจอฝนปรอยๆ ของข้างในก็ไม่เปียกเลย

ข้อดีคือดีไซน์สวย ทนทาน กันน้ำได้ ใช้งานได้นาน ส่วนข้อเสียคือราคาค่อนข้างสูงไปนิดนึง แต่ถ้าเทียบกับการใช้งานที่ได้มาและดีไซน์ที่ไม่เคยเอาต์ ถือว่าคุ้มค่ามากๆ เลยค่ะ!",,0,1,24,0,0,1,0,0
1380090,1260019,3.0,"ลิปสติก Dior Addict Lip Glow ลิปบาล์มบำรุงปาก ให้สีชมพูระเรื่อเป็นธรรมชาติ

วันนี้ขอมาป้ายยาลิปสติกตัวโปรด! Dior Addict Lip Glow ตัวนี้เลยค่ะ! คือมันเป็นลิปบาล์มที่ต้องมีติดกระเป๋าจริงๆ นะ

เป็นคนปากแห้งง่ายมากๆ พอใช้ตัวนี้คือปากชุ่มชื้นขึ้นเยอะเลยค่ะ ไม่แห้ง ไม่ลอกเลย ที่สำคัญคือมันให้สีชมพูระเรื่อๆ ดูเป็นธรรมชาติมากๆ เลยนะ เหมือนปากสุขภาพดีแต่เกิดเลย

แพ็กเกจก็คือหรูหราดูแพงสุดๆ หยิบขึ้นมาทาก็คือรู้สึกสวยเลยค่ะ ????

ข้อดีคือบำรุงปากได้ดี ให้สีเป็นธรรมชาติ แพ็กเกจสวย ส่วนข้อเสียคือราคาค่อนข้างสูงไปนิดนึง แต่ถ้าคุณอยากได้ลิปบาล์มที่บำรุงปากได้ดี ให้สีสวยเป็นธรรมชาติ และแพ็กเกจหรูหรา แนะนำตัวนี้เลยค่ะ!",,1,0,20,0,0,0,1,0
1380091,1260020,0.0,"กระเป๋าสตางค์ Coach Small Wallet กระเป๋าไซส์มินิแต่จุของได้เยอะ

สำหรับคนที่ชอบกระเป๋าสตางค์ไซส์เล็กๆ แต่จุของได้เยอะ ต้องกระเป๋าสตางค์ Coach Small Wallet ใบนี้เลยค่ะ! คือมันเป็นกระเป๋าที่ตอบโจทย์มากๆ เลยนะ

ดีไซน์คือสวยคลาสสิกมากๆ หนังนิ่มมือ จับถนัดมือเลยค่ะ ขนาดเล็กกระทัดรัด ใส่กระเป๋าใบเล็กๆ ได้สบายๆ แต่ช่องใส่บัตรและช่องใส่แบงก์ก็คือมีให้ครบเลยนะ ใส่เหรียญก็ได้ด้วย คือจุของได้เกินตัวจริงๆ

ข้อดีคือไซส์เล็ก จุของได้เยอะ ดีไซน์สวย วัสดุดี ส่วนข้อเสียคืออาจจะใส่แบงก์แบบไม่ต้องพับยากนิดหน่อย แต่โดยรวมแล้วถ้าคุณชอบกระเป๋าสตางค์ไซส์มินิที่ใช้งานได้จริง แนะนำใบนี้เลยค่ะ!",,1,0,21,0,0,0,0,1
1380092,1260021,0.0,"หูฟังไร้สาย Samsung Galaxy Buds 3 Pro เสียงดี ใส่สบาย ตัดเสียงรบกวนเยี่ยม

วันนี้ขอรีวิวหูฟังไร้สายตัวใหม่! Samsung Galaxy Buds 3 Pro ตัวนี้เลยค่ะ! คือมันเป็นหูฟังที่ทำให้การฟังเพลงของเราเพลินขึ้นเยอะมากๆ

เสียงดีมากๆ เลยนะ เบสแน่น กลางชัด แหลมใส ฟังเพลงอะไรก็เพราะไปหมดเลยค่ะ ระบบตัดเสียงรบกวนก็คือดีงามมาก ใส่แล้วเหมือนอยู่ในโลกส่วนตัวเลย ไม่ได้ยินเสียงรบกวนจากภายนอกเลย

ที่สำคัญคือใส่สบายมากๆ เลยนะ ใส่ได้นานๆ ก็ไม่รู้สึกเจ็บหูเลย เหมาะกับคนที่ใส่หูฟังนานๆ มากๆ

ข้อดีคือเสียงดี ตัดเสียงรบกวนเยี่ยม ใส่สบาย ส่วนข้อเสียคือราคาสูงไปนิดนึง แต่ถ้าคุณกำลังมองหาหูฟังไร้สายคุณภาพดีที่ครบเครื่อง แนะนำตัวนี้เลยค่ะ!",,1,0,34,1,0,0,0,0
1380093,1260022,0.0,"เตียงนอนพับได้ Decathlon Camp Bed Compact สะดวกสบาย พกพาง่าย

ใครสายแคมป์ปิ้ง หรือชอบนอนนอกบ้าน ต้องมีเตียงนอนพับได้ Decathlon Camp Bed Compact ตัวนี้เลยค่ะ! คือมันเป็นเตียงที่เปลี่ยนการนอนในเต็นท์ของเราจริงๆ

ก่อนหน้านี้เคยนอนพื้นเต็นท์แล้วปวดหลังมาก พอได้เตียงตัวนี้มาคือสบายขึ้นเยอะเลยค่ะ! มันรองรับร่างกายได้ดี ไม่ปวดหลังเลย ที่สำคัญคือพับเก็บได้เล็กกระทัดรัด พกพาไปไหนมาไหนได้สะดวกมากๆ ไม่เปลืองพื้นที่เลย

ประกอบก็ง่ายนะ ไม่ได้ยุ่งยากเลย วัสดุก็แข็งแรงทนทานดีด้วย

ข้อดีคือนอนสบาย พกพาง่าย ประกอบง่าย แข็งแรง ส่วนข้อเสียคืออาจจะหนักไปนิดนึงถ้าต้องแบกเดินป่าไกลๆ แต่ถ้าคุณเน้นความสบายในการนอนตอนแคมป์ปิ้ง แนะนำตัวนี้เลยค่ะ!",,1,0,50,0,0,1,0,0
1380094,1260023,3.0,"มอยเจอร์ไรเซอร์ CeraVe Moisturizing Cream ผิวแพ้ง่ายใช้ได้ ผิวแข็งแรงขึ้นจริง

สำหรับคนที่มีผิวแพ้ง่าย ผิวแห้ง หรือผิวขาดน้ำ ต้องลองมอยเจอร์ไรเซอร์ CeraVe Moisturizing Cream กระปุกนี้เลยค่ะ! คือมันเป็นมอยเจอร์ไรเซอร์ที่เปลี่ยนผิวเราจริงๆ นะ

เป็นคนผิวแห้ง แพ้ง่ายมาก หาสกินแคร์ที่ใช้ได้ยากสุดๆ พอมาเจอตัวนี้คือผิวชุ่มชื้นขึ้นเยอะเลยค่ะ ไม่แห้ง ไม่ลอกอีกแล้ว ที่สำคัญคือไม่แพ้ ไม่ระคายเคืองผิวเลย ผิวดูแข็งแรงขึ้นมากๆ เลยค่ะ

เนื้อครีมเข้มข้นแต่ซึมซาบเร็ว ไม่เหนียวเหนอะหนะเลยนะ ไม่มีน้ำหอม ไม่มีแอลกอฮอล์ด้วย

ข้อดีคือบำรุงผิวได้ดี ผิวชุ่มชื้น แข็งแรง ไม่แพ้ ส่วนข้อเสีย... ยังไม่เจอเลย! ถ้าคุณกำลังมองหามอยเจอร์ไรเซอร์ดีๆ ที่เหมาะกับผิวแพ้ง่าย แนะนำตัวนี้เลยค่ะ!",,0,1,31,0,0,0,1,0
1380095,1260024,3.0,"สร้อยคอจี้มุก ดีไซน์เรียบหรู ใส่ได้ทุกโอกาส

วันนี้ขอรีวิว Accessories ที่ใส่ได้ทุกโอกาสเลยค่ะ นั่นก็คือสร้อยคอจี้มุกดีไซน์เรียบหรูเส้นนี้นี่แหละ! คือมันเป็นสร้อยคอที่ทำให้ลุคดูแพงขึ้นมาทันทีเลยนะ

ดีไซน์คือเรียบง่ายแต่ดูดีมีระดับมากๆ มุกก็เงางามสวยงาม ใส่ได้กับทุกลุคเลย ไม่ว่าจะใส่ไปทำงาน ออกงาน หรือจะใส่ในวันสบายๆ ก็เข้าหมดเลยค่ะ

ข้อดีคือดีไซน์สวย เรียบหรู ใส่ได้ทุกโอกาส ทำให้ลุคดูแพงขึ้น ส่วนข้อสังเกตคืออาจจะไม่เหมาะกับคนที่ชอบเครื่องประดับแบบอลังการหน่อย แต่ถ้าใครชอบความคลาสสิก เรียบหรู ดูดี แนะนำเส้นนี้เลยค่ะ!",,1,0,20,0,0,0,0,1
1380096,1260025,0.0,"สมาร์ททีวี Samsung Crystal UHD 4K ภาพสวยคมชัด เสียงดี ดูหนังฟิน

วันนี้จะมารีวิวสมาร์ททีวี Samsung Crystal UHD 4K เครื่องใหม่! คือมันเปลี่ยนประสบการณ์การดูหนังที่บ้านจริงๆ ค่ะ!

ภาพสวยคมชัดมาก! ด้วยความละเอียด 4K คือดูหนังแล้วได้รายละเอียดที่คมกริบ สีสันสดใสสมจริงมากๆ เลยค่ะ เสียงก็ดีงามนะ ไม่ต้องต่อลำโพงแยกก็ยังได้เสียงที่กระหึ่มเหมือนอยู่ในโรงหนังเลย

สมาร์ทฟังก์ชันก็คือใช้ง่ายมากๆ เชื่อมต่ออินเทอร์เน็ตได้เร็ว ดู Netflix, YouTube คือลื่นไหลไม่มีสะดุดเลย

ข้อดีคือภาพสวยคมชัด เสียงดี สมาร์ทฟังก์ชันครบครัน ส่วนข้อเสีย... ยังไม่เจอเลย! ถ้าคุณกำลังมองหาสมาร์ททีวีดีๆ สักเครื่องที่ให้ประสบการณ์การดูหนังที่ยอดเยี่ยม แนะนำตัวนี้เลยค่ะ!",,1,0,21,1,0,0,0,0
1380097,1260026,0.0,"ชั้นวางหนังสือ IKEA BILLY ชั้นวางคลาสสิกที่บ้านทุกหลังควรมี

สำหรับคนรักหนังสือ หรือคนที่ต้องการชั้นวางของที่ใช้งานได้หลากหลาย ต้องชั้นวางหนังสือ IKEA BILLY ตัวนี้เลยค่ะ! คือมันเป็นชั้นวางที่คลาสสิกมากๆ แล้วก็ใช้งานได้จริงสุดๆ

ดีไซน์คือเรียบง่าย มินิมอล วางตรงไหนก็เข้ากับห้องได้หมดเลยค่ะ มีหลายขนาดให้เลือกด้วยนะ จะวางหนังสือ ของตกแต่ง หรือจะวางของใช้ต่างๆ ก็คือทำได้หมดเลย

ประกอบก็ง่ายนะ ไม่ได้ยุ่งยากเลย วัสดุก็แข็งแรงทนทานดีด้วย ราคาเป็นมิตรด้วยนะ

ข้อดีคือใช้งานได้หลากหลาย ดีไซน์สวยคลาสสิก ราคาดี แข็งแรง ส่วนข้อเสีย... ยังไม่เจอเลย! ถ้าคุณกำลังมองหาชั้นวางหนังสือหรือชั้นวางของที่ใช้งานได้จริงและราคาดี แนะนำชั้น BILLY ตัวนี้เลยค่ะ!",,1,0,21,0,1,0,0,0
1380098,1260027,0.0,"ชุดเดินป่า Columbia Set แจ็คเก็ตและกางเกง กันน้ำ กันลม ลุยได้ทุกสภาพอากาศ

ใครสายลุย เดินป่า ปีนเขา ต้องมีชุดเดินป่า Columbia Set นี้เลยค่ะ! คือมันเป็นชุดที่เปลี่ยนการเดินป่าของเราจริงๆ นะ

แจ็คเก็ตและกางเกงคือกันน้ำได้ดีมาก! เคยเดินลุยฝนหนักๆ ก็คือไม่เปียกเลย กันลมได้ดีด้วย ทำให้เราอบอุ่นอยู่ตลอดเวลาเลย วัสดุก็ระบายอากาศได้ดีนะ ไม่ร้อน ไม่อับเลยค่ะ

ที่สำคัญคือทนทานมากๆ ใส่ลุยป่าลุยเขามาหลายทริปแล้วก็ยังไม่ขาดไม่เปื่อยเลย

ข้อดีคือกันน้ำ กันลม ทนทาน ระบายอากาศดี ส่วนข้อเสียคือราคาค่อนข้างสูงไปนิดนึง แต่ถ้าเทียบกับคุณภาพและการใช้งานที่ได้มา ถือว่าคุ้มค่ามากๆ เลยค่ะ! ใครสายลุย ต้องมีชุดนี้เลย!",,0,1,22,0,0,1,0,0
1380099,1260028,0.0,"มาสคาร่า Maybelline Sky High Mascara ขนตายาว งอน เด้งตลอดวัน

สำหรับสาวๆ ที่ชอบขนตายาวๆ งอนๆ เด้งๆ ต้องมาสคาร่า Maybelline Sky High Mascara ตัวนี้เลยค่ะ! คือมันเป็นมาสคาร่าที่เปลี่ยนขนตาของเราจริงๆ นะ

ปัดแล้วขนตายาวขึ้นจริง! งอนเด้งมากๆ เลยค่ะ ไม่จับเป็นก้อน ไม่แพนด้าด้วยนะ เคยปัดตั้งแต่เช้าออกไปข้างนอกทั้งวัน ขนตาก็ยังงอนเด้งอยู่เลย คือดีงามมากๆ

ราคาเป็นมิตร หาซื้อง่ายด้วยนะ

ข้อดีคือขนตายาว งอนเด้ง ไม่จับก้อน ไม่แพนด้า ติดทน ส่วนข้อเสีย... ยังไม่เจอเลย! ถ้าคุณกำลังมองหามาสคาร่าดีๆ ที่ให้ผลลัพธ์ปังๆ และราคาดี แนะนำตัวนี้เลยค่ะ!",,1,0,23,0,0,0,1,0
1380100,1260029,0.0,"กระเป๋าผ้าแคนวาส ดีไซน์น่ารัก ใส่ของได้เยอะ ไปได้ทุกที่

วันนี้ขอรีวิว Accessories ที่ใช้ได้ทุกวัน! กระเป๋าผ้าแคนวาสดีไซน์น่ารักใบนี้เลยค่ะ! คือมันเป็นกระเป๋าที่เหมาะกับทุกโอกาสจริงๆ นะ

ดีไซน์คือเรียบง่าย แต่น่ารักมากๆ มีลายให้เลือกเยอะเลย ใส่ไปเรียน ใส่ไปทำงาน หรือใส่ไปเที่ยวก็คือเข้าหมดเลยค่ะ ที่สำคัญคือมันจุของได้เยอะมาก! ใส่หนังสือ โน้ตบุ๊ก ขวดน้ำ คือยัดได้หมดเลย

วัสดุเป็นผ้าแคนวาส ทนทานมากๆ เลยนะ ซักทำความสะอาดก็ง่ายด้วย

ข้อดีคือจุของได้เยอะ ดีไซน์น่ารัก ทนทาน ราคาเป็นมิตร ส่วนข้อเสีย... ยังไม่เจอเลย! ถ้าคุณกำลังมองหากระเป๋าที่ใช้งานได้จริง และราคาดี แนะนำใบนี้เลยค่ะ!",,0,1,20,0,0,0,0,1
1380101,1260036,28.0,"Nintendo Switch OLED เครื่องเล่นเกมพกพา ภาพสวย สีสด เล่นได้ทุกที่

วันนี้ขอรีวิวเครื่องเล่นเกมพกพาตัวโปรด! Nintendo Switch OLED ตัวนี้เลยค่ะ! คือมันเป็นเครื่องเล่นเกมที่เปลี่ยนประสบการณ์การเล่นเกมของเราจริงๆ นะ

หน้าจอ OLED คือสวยคมชัดมาก! สีสันสดใสมากๆ เลยค่ะ เล่นเกมแล้วได้อรรถรสมากขึ้นเยอะเลย ไม่ว่าจะเล่นที่บ้านหรือพกพาไปเล่นข้างนอกก็ได้หมดเลย

Joy-Con ก็คือถอดออกได้ เล่นกับเพื่อนได้หลายคนเลย สะดวกมากๆ

ข้อดีคือหน้าจอสวยคมชัด พกพาง่าย เล่นกับเพื่อนได้หลากหลาย ส่วนข้อเสียคือราคาสูงกว่ารุ่นปกติไปนิดนึง แต่ถ้าคุณชอบเล่นเกมแบบพกพา และต้องการภาพที่สวยคมชัด แนะนำตัวนี้เลยค่ะ!",น่าเล่นดีนะ; ขอวาร์ปหน่อยได้มะครับ,1,0,21,1,0,0,0,0
1380102,780010,0.0,"โต๊ะเครื่องแป้ง IKEA MALM พร้อมกระจกและลิ้นชัก จัดเก็บของได้เยอะ

สำหรับสาวๆ ที่ต้องการโต๊ะเครื่องแป้งที่ใช้งานได้จริง จัดเก็บของได้เยอะ และดีไซน์สวย ต้องโต๊ะเครื่องแป้ง IKEA MALM ตัวนี้เลยค่ะ! คือมันเป็นโต๊ะที่ตอบโจทย์มากๆ เลยนะ

มีกระจกในตัว พร้อมลิ้นชักใหญ่ๆ หลายช่อง คือเก็บเครื่องสำอาง สกินแคร์ อุปกรณ์แต่งหน้าได้เยอะมากๆ เลยค่ะ ทำให้โต๊ะไม่รกเลย ดีไซน์ก็เรียบง่าย มินิมอล เข้ากับห้องได้ง่ายมากๆ

ประกอบก็ง่ายนะ ไม่ได้ยุ่งยากอย่างที่คิดเลยค่ะ วัสดุก็แข็งแรงทนทานดีด้วย

ข้อดีคือจัดเก็บของได้เยอะ ดีไซน์สวย ใช้งานได้จริง แข็งแรง ส่วนข้อเสีย... ยังไม่เจอเลย! ถ้าคุณกำลังมองหาโต๊ะเครื่องแป้งดีๆ ที่ช่วยจัดระเบียบของได้ดี แนะนำตัวนี้เลยค่ะ!",,0,1,21,0,1,0,0,0
1380105,1050002,0.0,"กระเป๋าโท้ทผ้าแคนวาส Uniqlo Round Mini Shoulder Bag ใบจิ๋วแต่แจ๋ว จุของได้เยอะเกินคาด

วันนี้ขอรีวิว Accessories สุดฮิต! กระเป๋าโท้ทผ้าแคนวาส Uniqlo Round Mini Shoulder Bag ใบนี้เลยค่ะ! คือมันเป็นกระเป๋าที่ฮิตมากๆ แล้วก็ใช้งานได้จริงสุดๆ

ดีไซน์คือเรียบง่ายแต่น่ารักมากๆ มีหลายสีให้เลือกด้วยนะ ใส่ได้กับทุกสไตล์เลยค่ะ ที่สำคัญคือมันจุของได้เยอะมาก! เคยลองใส่ขวดน้ำ มือถือ กระเป๋าสตางค์ กุญแจ คือยัดได้หมดเลยนะ ไม่น่าเชื่อว่าใบแค่นี้จะจุได้เยอะขนาดนี้

วัสดุเป็นผ้าแคนวาส ทนทานมากๆ เลยนะ ซักทำความสะอาดก็ง่ายด้วย

ข้อดีคือจุของได้เยอะ ดีไซน์น่ารัก ราคาเป็นมิตร ทนทาน ส่วนข้อเสีย... ยังไม่เจอเลย! ถ้าคุณกำลังมองหากระเป๋าที่ใช้งานได้จริง และราคาดี แนะนำใบนี้เลยค่ะ!",,1,0,24,0,0,0,0,1
1380106,1110001,0.0,"เครื่องดูดฝุ่นไร้สาย Dyson V15 Detect Absolute ทำความสะอาดบ้านได้สะอาดหมดจด

วันนี้ขอรีวิวเครื่องดูดฝุ่นไร้สายตัวโปรด! Dyson V15 Detect Absolute ตัวนี้เลยค่ะ! คือมันเป็นเครื่องดูดฝุ่นที่เปลี่ยนการทำความสะอาดบ้านของเราจริงๆ นะ

พลังดูดคือแรงมาก! ดูดฝุ่นได้สะอาดหมดจดจริงๆ ไม่ว่าจะเป็นฝุ่นเล็กๆ ผม หรือเศษอาหาร ก็คือดูดได้หมดเลย หัวดูดก็มีไฟเลเซอร์ส่องนำทางด้วยนะ ทำให้เห็นฝุ่นที่มองไม่เห็นด้วยตาเปล่า คือดีงามมากๆ

ใช้งานง่ายมากๆ เลยนะ ไร้สายก็คือสะดวกสุดๆ ไม่ต้องลากสายให้ยุ่งยากเลย แบตเตอรี่ก็อึดใช้ได้นานเลยค่ะ

ข้อดีคือพลังดูดแรง ทำความสะอาดได้สะอาดหมดจด ใช้งานง่าย ไร้สาย ส่วนข้อเสียคือราคาค่อนข้างสูงไปนิดนึง แต่ถ้าคุณต้องการเครื่องดูดฝุ่นคุณภาพดีที่ทำความสะอาดบ้านได้สะอาดหมดจด แนะนำตัวนี้เลยค่ะ!",,1,0,21,1,0,0,0,0
1380107,1140001,0.0,"โต๊ะกาแฟ IKEA LACK โต๊ะมินิมอล ราคาดีงาม วางตรงไหนก็สวย

สำหรับคนที่ต้องการโต๊ะกาแฟง่ายๆ ดีไซน์มินิมอล ราคาเป็นมิตร ต้องโต๊ะกาแฟ IKEA LACK ตัวนี้เลยค่ะ! คือมันเป็นโต๊ะที่ตอบโจทย์มากๆ เลยนะ

ดีไซน์คือเรียบง่ายมากๆ วางตรงไหนก็เข้ากับห้องได้หมดเลยค่ะ จะวางแก้วกาแฟ หนังสือ หรือของตกแต่งก็คือทำได้หมดเลย

ประกอบก็ง่ายนะ ไม่ได้ยุ่งยากเลย วัสดุก็แข็งแรงทนทานดีด้วย ราคาดีงามมากๆ ด้วยนะ

ข้อดีคือดีไซน์สวย มินิมอล ราคาดี ประกอบง่าย แข็งแรง ส่วนข้อเสียคืออาจจะดูเป็นเฟอร์นิเจอร์แบบชั่วคราวไปหน่อยถ้าคุณต้องการความหรูหรา แต่โดยรวมแล้วถ้าคุณต้องการโต๊ะกาแฟที่ใช้งานได้จริงและราคาดี แนะนำตัวนี้เลยค่ะ!",,1,0,21,0,1,0,0,0
1380108,1170001,15.0,"ถุงนอน The North Face One Bag อุ่นสบาย ปรับได้ 3 ระดับ สำหรับทุกสภาพอากาศ

ใครสายแคมป์ปิ้ง สายลุย ต้องมีถุงนอน The North Face One Bag ตัวนี้เลยค่ะ! คือมันเป็นถุงนอนที่เปลี่ยนการนอนในเต็นท์ของเราจริงๆ นะ

อุ่นสบายมาก! ไม่ว่าจะอากาศหนาวแค่ไหนก็คือเอาอยู่หมดเลยค่ะ ที่สำคัญคือมันปรับได้ 3 ระดับเลยนะ สำหรับอากาศร้อน อากาศเย็น และอากาศหนาวจัดๆ คือซื้อถุงเดียวจบเลย ไม่ต้องมีหลายถุง

วัสดุคุณภาพดีมากๆ เลยนะ นุ่มสบาย ไม่ระคายเคืองผิวเลย พับเก็บก็เล็กกระทัดรัด พกพาง่ายด้วย

ข้อดีคืออุ่นสบาย ปรับได้ 3 ระดับ คุณภาพดี พกพาง่าย ส่วนข้อเสียคือราคาค่อนข้างสูงไปนิดนึง แต่ถ้าคุณเป็นสายแคมป์ปิ้งตัวจริงที่ต้องการถุงนอนที่ใช้งานได้หลากหลาย แนะนำตัวนี้เลยค่ะ!",,1,0,20,0,0,1,0,0
1380109,1200001,7.0,"กันแดด Anessa Perfect UV Sunscreen Skincare Milk N กันแดดขั้นเทพ บางเบา ไม่เหนอะหนะ

สำหรับสาวๆ ที่ต้องการกันแดดขั้นเทพ ที่บางเบา ไม่เหนียวเหนอะหนะ ต้องกันแดด Anessa Perfect UV Sunscreen Skincare Milk N ตัวนี้เลยค่ะ! คือมันเป็นกันแดดที่ต้องมีติดโต๊ะเครื่องแป้งจริงๆ นะ

เนื้อสัมผัสคือบางเบามากๆ ซึมซาบเร็ว ไม่เหนียวเหนอะหนะเลย ทาแล้วสบายผิวมากๆ ไม่รู้สึกหนักหน้าเลย ที่สำคัญคือกันแดดได้ดีเยี่ยม! เคยใช้ไปเที่ยวทะเล ตากแดดทั้งวัน หน้าก็ยังไม่คล้ำเลยค่ะ

ข้อดีคือกันแดดดีมาก เนื้อบางเบา ซึมซาบเร็ว ไม่เหนียวเหนอะหนะ ส่วนข้อเสีย... ยังไม่เจอเลย! ถ้าคุณกำลังมองหากันแดดดีๆ ที่ให้ความรู้สึกสบายผิว และกันแดดได้ดีเยี่ยม แนะนำตัวนี้เลยค่ะ!",,1,0,32,0,0,0,1,0
1380110,1200003,8.0,"กระเป๋าถือ Longchamp Le Pliage Club กระเป๋าในฝันของสาวๆ ทุกคน

วันนี้ขอรีวิว Accessories ที่สาวๆ ทุกคนควรมี! กระเป๋าถือ Longchamp Le Pliage Club ใบนี้เลยค่ะ! คือมันเป็นกระเป๋าที่คลาสสิกมากๆ แล้วก็ใช้งานได้จริงสุดๆ

ดีไซน์คือเรียบง่ายแต่ดูดีมีสไตล์มากๆ มีหลายสีให้เลือกด้วยนะ พับเก็บได้เล็กกระทัดรัด พกพาสะดวกมากๆ ที่สำคัญคือมันจุของได้เยอะมาก! ใส่ของได้ครบทุกอย่างเลย ไม่ว่าจะไปทำงาน ไปเที่ยว หรือไปช้อปปิ้งก็คือเอาอยู่หมดเลย

วัสดุไนลอนก็ทนทานมากๆ เลยนะ กันน้ำได้ด้วย

ข้อดีคือจุของได้เยอะ ดีไซน์สวยคลาสสิก พับเก็บได้ ทนทาน ส่วนข้อเสียคือราคาค่อนข้างสูงไปนิดนึง แต่ถ้าคุณกำลังมองหากระเป๋าที่ใช้งานได้จริง และดีไซน์สวยคลาสสิก แนะนำใบนี้เลยค่ะ!",,1,0,32,0,0,0,0,1
1380111,1230001,0.0,"หุ่นยนต์ดูดฝุ่น Roborock S8 Pro Ultra ทำความสะอาดบ้านได้อัจฉริยะสุดๆ

วันนี้ขอรีวิวเครื่องใช้ไฟฟ้าในบ้านที่เปลี่ยนชีวิตเราจริงๆ! หุ่นยนต์ดูดฝุ่น Roborock S8 Pro Ultra ตัวนี้เลยค่ะ! คือมันเป็นหุ่นยนต์ดูดฝุ่นที่อัจฉริยะมากๆ

ทำความสะอาดบ้านได้สะอาดหมดจดจริงๆ ไม่ว่าจะเป็นฝุ่น ผม หรือเศษอาหาร ก็คือดูดได้หมดเลย แถมยังถูพื้นได้ด้วยนะ คือจบในเครื่องเดียวเลย! มันฉลาดมากๆ ด้วยนะ วางแผนการทำความสะอาดเองได้ หลบสิ่งกีดขวางได้ด้วย

ควบคุมผ่านแอปพลิเคชันได้ง่ายๆ เลยนะ สั่งให้ดูดฝุ่นตอนที่เราไม่อยู่บ้านก็ได้ สะดวกมากๆ

ข้อดีคือทำความสะอาดได้สะอาดหมดจด ฉลาด ใช้งานง่าย มีฟังก์ชันถูพื้นด้วย ส่วนข้อเสียคือราคาค่อนข้างสูงไปนิดนึง แต่ถ้าคุณต้องการหุ่นยนต์ดูดฝุ่นที่ทำงานได้ดีเยี่ยมและประหยัดเวลาการทำความสะอาดบ้าน แนะนำตัวนี้เลยค่ะ!",,1,0,20,1,0,0,0,0
1380112,1260001,0.0,"เก้าอี้ทานอาหาร IKEA ADDE เก้าอี้เรียบง่าย ราคาดี นั่งสบาย

สำหรับคนที่ต้องการเก้าอี้ทานอาหารที่เรียบง่าย ราคาเป็นมิตร และนั่งสบาย ต้องเก้าอี้ทานอาหาร IKEA ADDE ตัวนี้เลยค่ะ! คือมันเป็นเก้าอี้ที่ตอบโจทย์มากๆ เลยนะ

ดีไซน์คือเรียบง่ายมากๆ วางตรงไหนก็เข้ากับห้องได้หมดเลยค่ะ น้ำหนักเบา เคลื่อนย้ายง่ายด้วยนะ แต่วัสดุก็แข็งแรงทนทานดีนะ นั่งสบายเลยค่ะ

ประกอบก็ง่ายนะ ไม่ได้ยุ่งยากเลยค่ะ ราคาดีงามมากๆ ด้วยนะ

ข้อดีคือดีไซน์เรียบง่าย ราคาดี นั่งสบาย แข็งแรง ส่วนข้อเสียคืออาจจะไม่ได้ดูหรูหราเท่าเก้าอี้ตัวแพงๆ แต่ถ้าคุณต้องการเก้าอี้ทานอาหารที่ใช้งานได้จริงและราคาดี แนะนำตัวนี้เลยค่ะ!",,1,0,21,0,1,0,0,0
1380113,1260002,0.0,"กระติกน้ำเก็บอุณหภูมิ Stanley Quencher H2.0 FlowState™ Tumbler เก็บความเย็นได้นาน ดีไซน์สวย

วันนี้ขอรีวิวอุปกรณ์ Outdoor Gear ที่ใช้ได้ทุกวัน! กระติกน้ำเก็บอุณหภูมิ Stanley Quencher H2.0 FlowState™ Tumbler ตัวนี้เลยค่ะ! คือมันเป็นกระติกน้ำที่เปลี่ยนการดื่มน้ำของเราจริงๆ นะ

เก็บความเย็นได้นานมาก! ใส่น้ำแข็งไว้ตั้งแต่เช้า ตกเย็นน้ำแข็งยังอยู่เกือบเต็มกระติกเลยค่ะ คือมัน Amazing มากจริงๆ! ไม่ว่าจะอากาศร้อนแค่ไหน น้ำในกระติกก็ยังเย็นเจี๊ยบอยู่เลย

ดีไซน์ก็คือสวยงามมากๆ มีหลายสีให้เลือกด้วยนะ พกพาไปไหนมาไหนก็คือสะดวกมากเลย

ข้อดีคือเก็บความเย็นได้นานมาก ดีไซน์สวย พกพาง่าย ทนทาน ส่วนข้อเสียคือราคาค่อนข้างสูงไปนิดนึง แต่ถ้าคุณชอบดื่มน้ำเย็นๆ ตลอดเวลา และต้องการกระติกน้ำคุณภาพดี แนะนำตัวนี้เลยค่ะ!",,1,0,33,0,0,1,0,0
1380114,1260003,0.0,"ลิปมัน Blistex Medicated Lip Balm บำรุงปากแห้ง แตก ให้กลับมาชุ่มชื้น

สำหรับคนที่มีปัญหาปากแห้ง ปากแตก ลอกเป็นขุย ต้องลิปมัน Blistex Medicated Lip Balm ตัวนี้เลยค่ะ! คือมันเป็นลิปมันที่ช่วยชีวิตเราจริงๆ นะ

เป็นคนปากแห้งง่ายมากๆ พอใช้ตัวนี้คือปากชุ่มชื้นขึ้นเยอะเลยค่ะ ไม่แห้ง ไม่ลอกอีกแล้ว ที่สำคัญคือมันช่วยให้ปากที่แตกๆ หายได้เร็วมากๆ เลยนะ ทาแล้วรู้สึกเย็นๆ สบายปากดีด้วย

ราคาเป็นมิตร หาซื้อง่ายด้วยนะ

ข้อดีคือบำรุงปากได้ดี ปากชุ่มชื้น หายแตกเร็ว ราคาดี ส่วนข้อเสียคืออาจจะรู้สึกเหนียวไปนิดสำหรับบางคน แต่ถ้าคุณกำลังมองหาลิปมันดีๆ ที่ช่วยแก้ปัญหาปากแห้งแตกได้อย่างมีประสิทธิภาพ แนะนำตัวนี้เลยค่ะ!",,0,1,24,0,0,0,1,0
1380115,1260004,0.0,"หมวกแก๊ป Adidas Classic 3-Stripes Cap หมวกคู่ใจ ใส่ได้ทุกวัน

วันนี้ขอรีวิว Accessories ที่ใส่ได้ทุกวันเลยค่ะ นั่นก็คือหมวกแก๊ป Adidas Classic 3-Stripes Cap ใบนี้เลย! คือมันเป็นหมวกที่คลาสสิกมากๆ แล้วก็ใช้งานได้จริงสุดๆ

ดีไซน์คือเรียบง่ายแต่มีสไตล์มากๆ ใส่ได้กับทุกลุคเลย ไม่ว่าจะใส่ไปออกกำลังกาย ใส่ไปเที่ยว หรือใส่ในวันสบายๆ ก็เข้าหมดเลยค่ะ ที่สำคัญคือมันช่วยกันแดดได้ดีมากๆ ด้วยนะ

วัสดุเป็นผ้าฝ้ายนุ่มสบาย ใส่แล้วไม่อึดอัดเลยค่ะ ปรับขนาดได้ด้วยนะ

ข้อดีคือดีไซน์สวยคลาสสิก ใส่ได้ทุกวัน กันแดดดี ราคาเป็นมิตร ส่วนข้อเสีย... ยังไม่เจอเลย! ถ้าคุณกำลังมองหาหมวกแก๊ปดีๆ ที่ใช้งานได้จริงและราคาดี แนะนำใบนี้เลยค่ะ!",,1,0,30,0,0,0,0,1
1380126,1170001,0.0,พึ่งได้มาเมื่อวันก่อนชอบมา ใช้งานสะดวกไม่เมื่อยมือ ใครสายทำงานแนะนำเลย,,1,0,20,1,0,0,0,0
1380127,1260039,0.0,"ความจุ 128GB 256GB.
เคลือบสารกันแสงสะท้อน
เมื่อวัดเป็นสี่เหลี่ยมมุมฉากในแนวทแยงแล้ว รุ่น 11 นิ้วจะมีขนาด 10.86 นิ้ว พื้นที่สำหรับการดูจริงมีขนาดน้อยกว่า
ชิป M2.
กล้องไวด์ 12MP.
วิดีโอระดับ 4K.
กล้องหน้าอัลตร้าไวด์ 12MP ในแนวนอน
รองรับ Apple Pencil Pro.",,0,1,19,1,0,0,0,0
1380128,1260039,28.5,"ดีไซน์แบบอะลูมิเนียม
ด้านหน้าแบบ Ceramic Shield เจเนอเรชั่นล่าสุด
ด้านหลังแบบกระจกแต่งสี 
ความจุ1128GB",Beautiful color,0,1,19,1,0,0,0,0
1380129,1260039,0.0,Nubx8 เม้าสเปคเทพที่คุณควรลองมาพร้อมระบบ macro,,0,1,19,1,0,0,0,0
